student_id,student_name,grade,section,teacher,assessment,student_group,purpose,evidence,language,raw_score,band,submission_status,score_band,student_score_id,season,writing_type,assessment_date,school_name,district_name,academic_year
300001,"Small, Olivia",4,C,Emily Carter,Oct-4 Fall Baseline - My Favorite Place,Intervention,3,1,1,5,Proficient,Submitted,Proficient (5-6),700001,Fall,Narrative,2025-10-04,Beecher Hills Elementary,Atlanta Public Schools,2025-2026
300001,"Small, Olivia",4,C,Emily Carter,Jan-12 Winter Benchmark - Community Heroes,Intervention,3,3,2,8,Advanced,Submitted,Advanced (7-8),700002,Winter,Informational,2026-01-12,Beecher Hills Elementary,Atlanta Public Schools,2025-2026
300001,"Small, Olivia",4,C,Emily Carter,Mar-9 GA Extended Writing Task - Athletic Ability,Intervention,3,2,2,7,Advanced,Submitted,Advanced (7-8),700003,Spring,Argumentative,2026-03-09,Beecher Hills Elementary,Atlanta Public Schools,2025-2026
300002,"Rivera, Dana",5,C,Jennifer Thomas,Oct-4 Fall Baseline - My Favorite Place,Intervention,0,0,0,0,Beginning,Submitted,Beginning (0-2),700004,Fall,Narrative,2025-10-04,Beecher Hills Elementary,Atlanta Public Schools,2025-2026
300002,"Rivera, Dana",5,C,Jennifer Thomas,Jan-12 Winter Benchmark - Community Heroes,Intervention,0,0,1,1,Beginning,Submitted,Beginning (0-2),700005,Winter,Informational,2026-01-12,Beecher Hills Elementary,Atlanta Public Schools,2025-2026
300002,"Rivera, Dana",5,C,Jennifer Thomas,Mar-9 GA Extended Writing Task - Athletic Ability,Intervention,0,1,0,1,Beginning,Submitted,Beginning (0-2),700006,Spring,Argumentative,2026-03-09,Beecher Hills Elementary,Atlanta Public Schools,2025-2026
300003,"Martinez, Elijah",3,B,Priya Shah,Oct-4 Fall Baseline - My Favorite Place,General,1,1,1,3,Developing,Submitted,Developing (3-4),700007,Fall,Narrative,2025-10-04,Beecher Hills Elementary,Atlanta Public Schools,2025-2026
300003,"Martinez, Elijah",3,B,Priya Shah,Jan-12 Winter Benchmark - Community Heroes,General,2,3,1,6,Proficient,Submitted,Proficient (5-6),700008,Winter,Informational,2026-01-12,Beecher Hills Elementary,Atlanta Public Schools,2025-2026
300003,"Martinez, Elijah",3,B,Priya Shah,Mar-9 GA Extended Writing Task - Athletic Ability,General,2,3,2,7,Advanced,Submitted,Advanced (7-8),700009,Spring,Argumentative,2026-03-09,Beecher Hills Elementary,Atlanta Public Schools,2025-2026
300004,"Gilstrap, Cruz",4,A,Jasmine Ramey,Oct-4 Fall Baseline - My Favorite Place,IEP,1,1,1,3,Developing,Submitted,Developing (3-4),700010,Fall,Narrative,2025-10-04,Beecher Hills Elementary,Atlanta Public Schools,2025-2026
300004,"Gilstrap, Cruz",4,A,Jasmine Ramey,Jan-12 Winter Benchmark - Community Heroes,IEP,2,2,1,5,Proficient,Submitted,Proficient (5-6),700011,Winter,Informational,2026-01-12,Beecher Hills Elementary,Atlanta Public Schools,2025-2026
300004,"Gilstrap, Cruz",4,A,Jasmine Ramey,Mar-9 GA Extended Writing Task - Athletic Ability,IEP,2,1,2,5,Proficient,Submitted,Proficient (5-6),700012,Spring,Argumentative,2026-03-09,Beecher Hills Elementary,Atlanta Public Schools,2025-2026
300005,"Jones, Grant",5,A,David Brown,Oct-4 Fall Baseline - My Favorite Place,Intervention,1,0,1,2,Beginning,Submitted,Beginning (0-2),700013,Fall,Narrative,2025-10-04,Beecher Hills Elementary,Atlanta Public Schools,2025-2026
300005,"Jones, Grant",5,A,David Brown,Jan-12 Winter Benchmark - Community Heroes,Intervention,2,2,1,5,Proficient,Submitted,Proficient (5-6),700014,Winter,Informational,2026-01-12,Beecher Hills Elementary,Atlanta Public Schools,2025-2026
300005,"Jones, Grant",5,A,David Brown,Mar-9 GA Extended Writing Task - Athletic Ability,Intervention,2,3,2,7,Advanced,Submitted,Advanced (7-8),700015,Spring,Argumentative,2026-03-09,Beecher Hills Elementary,Atlanta Public Schools,2025-2026
300006,"Dupree, Noah",5,C,Jennifer Thomas,Oct-4 Fall Baseline - My Favorite Place,IEP,1,1,0,2,Beginning,Submitted,Beginning (0-2),700016,Fall,Narrative,2025-10-04,Beecher Hills Elementary,Atlanta Public Schools,2025-2026
300006,"Dupree, Noah",5,C,Jennifer Thomas,Jan-12 Winter Benchmark - Community Heroes,IEP,1,1,1,3,Developing,Submitted,Developing (3-4),700017,Winter,Informational,2026-01-12,Beecher Hills Elementary,Atlanta Public Schools,2025-2026
300006,"Dupree, Noah",5,C,Jennifer Thomas,Mar-9 GA Extended Writing Task - Athletic Ability,IEP,2,2,1,5,Proficient,Submitted,Proficient (5-6),700018,Spring,Argumentative,2026-03-09,Beecher Hills Elementary,Atlanta Public Schools,2025-2026
300007,"Nakamura, Isaiah",4,B,Bretiya Wallace,Oct-4 Fall Baseline - My Favorite Place,English Learner,0,0,0,0,Beginning,Submitted,Beginning (0-2),700019,Fall,Narrative,2025-10-04,Beecher Hills Elementary,Atlanta Public Schools,2025-2026
300007,"Nakamura, Isaiah",4,B,Bretiya Wallace,Jan-12 Winter Benchmark - Community Heroes,English Learner,1,0,0,1,Beginning,Submitted,Beginning (0-2),700020,Winter,Informational,2026-01-12,Beecher Hills Elementary,Atlanta Public Schools,2025-2026
300007,"Nakamura, Isaiah",4,B,Bretiya Wallace,Mar-9 GA Extended Writing Task - Athletic Ability,English Learner,1,1,0,2,Beginning,Submitted,Beginning (0-2),700021,Spring,Argumentative,2026-03-09,Beecher Hills Elementary,Atlanta Public Schools,2025-2026
300008,"Pollock, Daniel",5,A,David Brown,Oct-4 Fall Baseline - My Favorite Place,General,2,2,0,4,Developing,Submitted,Developing (3-4),700022,Fall,Narrative,2025-10-04,Beecher Hills Elementary,Atlanta Public Schools,2025-2026
300008,"Pollock, Daniel",5,A,David Brown,Jan-12 Winter Benchmark - Community Heroes,General,,,,,Not Scored,Absent,Not Scored,700023,Winter,Informational,2026-01-12,Beecher Hills Elementary,Atlanta Public Schools,2025-2026
300008,"Pollock, Daniel",5,A,David Brown,Mar-9 GA Extended Writing Task - Athletic Ability,General,2,3,1,6,Proficient,Submitted,Proficient (5-6),700024,Spring,Argumentative,2026-03-09,Beecher Hills Elementary,Atlanta Public Schools,2025-2026
300009,"Lyles, Adrian",4,B,Bretiya Wallace,Oct-4 Fall Baseline - My Favorite Place,504 Plan,,,,,Not Scored,Not Submitted,Not Scored,700025,Fall,Narrative,2025-10-04,Beecher Hills Elementary,Atlanta Public Schools,2025-2026
300009,"Lyles, Adrian",4,B,Bretiya Wallace,Jan-12 Winter Benchmark - Community Heroes,504 Plan,2,1,0,3,Developing,Submitted,Developing (3-4),700026,Winter,Informational,2026-01-12,Beecher Hills Elementary,Atlanta Public Schools,2025-2026
300009,"Lyles, Adrian",4,B,Bretiya Wallace,Mar-9 GA Extended Writing Task - Athletic Ability,504 Plan,2,2,1,5,Proficient,Submitted,Proficient (5-6),700027,Spring,Argumentative,2026-03-09,Beecher Hills Elementary,Atlanta Public Schools,2025-2026
300010,"Cofield, Liam",4,B,Bretiya Wallace,Oct-4 Fall Baseline - My Favorite Place,General,2,2,2,6,Proficient,Submitted,Proficient (5-6),700028,Fall,Narrative,2025-10-04,Beecher Hills Elementary,Atlanta Public Schools,2025-2026
300010,"Cofield, Liam",4,B,Bretiya Wallace,Jan-12 Winter Benchmark - Community Heroes,General,3,2,2,7,Advanced,Submitted,Advanced (7-8),700029,Winter,Informational,2026-01-12,Beecher Hills Elementary,Atlanta Public Schools,2025-2026
300010,"Cofield, Liam",4,B,Bretiya Wallace,Mar-9 GA Extended Writing Task - Athletic Ability,General,2,3,2,7,Advanced,Submitted,Advanced (7-8),700030,Spring,Argumentative,2026-03-09,Beecher Hills Elementary,Atlanta Public Schools,2025-2026
300011,"Allen, Samir",3,B,Priya Shah,Oct-4 Fall Baseline - My Favorite Place,504 Plan,2,2,1,5,Proficient,Submitted,Proficient (5-6),700031,Fall,Narrative,2025-10-04,Beecher Hills Elementary,Atlanta Public Schools,2025-2026
300011,"Allen, Samir",3,B,Priya Shah,Jan-12 Winter Benchmark - Community Heroes,504 Plan,,,,,Not Scored,Absent,Not Scored,700032,Winter,Informational,2026-01-12,Beecher Hills Elementary,Atlanta Public Schools,2025-2026
300011,"Allen, Samir",3,B,Priya Shah,Mar-9 GA Extended Writing Task - Athletic Ability,504 Plan,2,2,1,5,Proficient,Submitted,Proficient (5-6),700033,Spring,Argumentative,2026-03-09,Beecher Hills Elementary,Atlanta Public Schools,2025-2026
300012,"Williams, Iko",5,A,David Brown,Oct-4 Fall Baseline - My Favorite Place,General,2,2,1,5,Proficient,Submitted,Proficient (5-6),700034,Fall,Narrative,2025-10-04,Beecher Hills Elementary,Atlanta Public Schools,2025-2026
300012,"Williams, Iko",5,A,David Brown,Jan-12 Winter Benchmark - Community Heroes,General,3,3,1,7,Advanced,Submitted,Advanced (7-8),700035,Winter,Informational,2026-01-12,Beecher Hills Elementary,Atlanta Public Schools,2025-2026
300012,"Williams, Iko",5,A,David Brown,Mar-9 GA Extended Writing Task - Athletic Ability,General,2,3,1,6,Proficient,Submitted,Proficient (5-6),700036,Spring,Argumentative,2026-03-09,Beecher Hills Elementary,Atlanta Public Schools,2025-2026
300013,"Rakestraw, Mia",4,B,Bretiya Wallace,Oct-4 Fall Baseline - My Favorite Place,General,2,2,1,5,Proficient,Submitted,Proficient (5-6),700037,Fall,Narrative,2025-10-04,Beecher Hills Elementary,Atlanta Public Schools,2025-2026
300013,"Rakestraw, Mia",4,B,Bretiya Wallace,Jan-12 Winter Benchmark - Community Heroes,General,2,2,1,5,Proficient,Submitted,Proficient (5-6),700038,Winter,Informational,2026-01-12,Beecher Hills Elementary,Atlanta Public Schools,2025-2026
300013,"Rakestraw, Mia",4,B,Bretiya Wallace,Mar-9 GA Extended Writing Task - Athletic Ability,General,3,3,1,7,Advanced,Submitted,Advanced (7-8),700039,Spring,Argumentative,2026-03-09,Beecher Hills Elementary,Atlanta Public Schools,2025-2026
300014,"King, Nora",3,B,Priya Shah,Oct-4 Fall Baseline - My Favorite Place,504 Plan,,,,,Not Scored,Pending Review,Not Scored,700040,Fall,Narrative,2025-10-04,Beecher Hills Elementary,Atlanta Public Schools,2025-2026
300014,"King, Nora",3,B,Priya Shah,Jan-12 Winter Benchmark - Community Heroes,504 Plan,2,2,1,5,Proficient,Submitted,Proficient (5-6),700041,Winter,Informational,2026-01-12,Beecher Hills Elementary,Atlanta Public Schools,2025-2026
300014,"King, Nora",3,B,Priya Shah,Mar-9 GA Extended Writing Task - Athletic Ability,504 Plan,3,2,1,6,Proficient,Submitted,Proficient (5-6),700042,Spring,Argumentative,2026-03-09,Beecher Hills Elementary,Atlanta Public Schools,2025-2026
300015,"Willis, Samir",4,B,Bretiya Wallace,Oct-4 Fall Baseline - My Favorite Place,English Learner,2,3,2,7,Advanced,Submitted,Advanced (7-8),700043,Fall,Narrative,2025-10-04,Beecher Hills Elementary,Atlanta Public Schools,2025-2026
300015,"Willis, Samir",4,B,Bretiya Wallace,Jan-12 Winter Benchmark - Community Heroes,English Learner,3,2,2,7,Advanced,Submitted,Advanced (7-8),700044,Winter,Informational,2026-01-12,Beecher Hills Elementary,Atlanta Public Schools,2025-2026
300015,"Willis, Samir",4,B,Bretiya Wallace,Mar-9 GA Extended Writing Task - Athletic Ability,English Learner,3,3,2,8,Advanced,Submitted,Advanced (7-8),700045,Spring,Argumentative,2026-03-09,Beecher Hills Elementary,Atlanta Public Schools,2025-2026
300016,"Lee, Braydon",5,A,David Brown,Oct-4 Fall Baseline - My Favorite Place,IEP,0,1,1,2,Beginning,Submitted,Beginning (0-2),700046,Fall,Narrative,2025-10-04,Beecher Hills Elementary,Atlanta Public Schools,2025-2026
300016,"Lee, Braydon",5,A,David Brown,Jan-12 Winter Benchmark - Community Heroes,IEP,2,2,2,6,Proficient,Submitted,Proficient (5-6),700047,Winter,Informational,2026-01-12,Beecher Hills Elementary,Atlanta Public Schools,2025-2026
300016,"Lee, Braydon",5,A,David Brown,Mar-9 GA Extended Writing Task - Athletic Ability,IEP,3,2,2,7,Advanced,Submitted,Advanced (7-8),700048,Spring,Argumentative,2026-03-09,Beecher Hills Elementary,Atlanta Public Schools,2025-2026
300017,"Wallace, Aiyla",3,B,Priya Shah,Oct-4 Fall Baseline - My Favorite Place,IEP,,,,,Not Scored,Pending Review,Not Scored,700049,Fall,Narrative,2025-10-04,Beecher Hills Elementary,Atlanta Public Schools,2025-2026
300017,"Wallace, Aiyla",3,B,Priya Shah,Jan-12 Winter Benchmark - Community Heroes,IEP,3,3,1,7,Advanced,Submitted,Advanced (7-8),700050,Winter,Informational,2026-01-12,Beecher Hills Elementary,Atlanta Public Schools,2025-2026
300017,"Wallace, Aiyla",3,B,Priya Shah,Mar-9 GA Extended Writing Task - Athletic Ability,IEP,3,3,1,7,Advanced,Submitted,Advanced (7-8),700051,Spring,Argumentative,2026-03-09,Beecher Hills Elementary,Atlanta Public Schools,2025-2026
300018,"Bland, Adrian",3,B,Priya Shah,Oct-4 Fall Baseline - My Favorite Place,General,1,2,1,4,Developing,Submitted,Developing (3-4),700052,Fall,Narrative,2025-10-04,Beecher Hills Elementary,Atlanta Public Schools,2025-2026
300018,"Bland, Adrian",3,B,Priya Shah,Jan-12 Winter Benchmark - Community Heroes,General,1,2,2,5,Proficient,Submitted,Proficient (5-6),700053,Winter,Informational,2026-01-12,Beecher Hills Elementary,Atlanta Public Schools,2025-2026
300018,"Bland, Adrian",3,B,Priya Shah,Mar-9 GA Extended Writing Task - Athletic Ability,General,3,2,1,6,Proficient,Submitted,Proficient (5-6),700054,Spring,Argumentative,2026-03-09,Beecher Hills Elementary,Atlanta Public Schools,2025-2026
300019,"Gibson, Nora",5,B,Lisa Martinez,Oct-4 Fall Baseline - My Favorite Place,English Learner,0,0,0,0,Beginning,Submitted,Beginning (0-2),700055,Fall,Narrative,2025-10-04,Beecher Hills Elementary,Atlanta Public Schools,2025-2026
300019,"Gibson, Nora",5,B,Lisa Martinez,Jan-12 Winter Benchmark - Community Heroes,English Learner,0,1,1,2,Beginning,Submitted,Beginning (0-2),700056,Winter,Informational,2026-01-12,Beecher Hills Elementary,Atlanta Public Schools,2025-2026
300019,"Gibson, Nora",5,B,Lisa Martinez,Mar-9 GA Extended Writing Task - Athletic Ability,English Learner,1,0,1,2,Beginning,Submitted,Beginning (0-2),700057,Spring,Argumentative,2026-03-09,Beecher Hills Elementary,Atlanta Public Schools,2025-2026
300020,"Lovett, Cole",5,C,Jennifer Thomas,Oct-4 Fall Baseline - My Favorite Place,English Learner,,,,,Not Scored,Pending Review,Not Scored,700058,Fall,Narrative,2025-10-04,Beecher Hills Elementary,Atlanta Public Schools,2025-2026
300020,"Lovett, Cole",5,C,Jennifer Thomas,Jan-12 Winter Benchmark - Community Heroes,English Learner,1,1,0,2,Beginning,Submitted,Beginning (0-2),700059,Winter,Informational,2026-01-12,Beecher Hills Elementary,Atlanta Public Schools,2025-2026
300020,"Lovett, Cole",5,C,Jennifer Thomas,Mar-9 GA Extended Writing Task - Athletic Ability,English Learner,3,2,1,6,Proficient,Submitted,Proficient (5-6),700060,Spring,Argumentative,2026-03-09,Beecher Hills Elementary,Atlanta Public Schools,2025-2026
300021,"Martinez, Mila",5,B,Lisa Martinez,Oct-4 Fall Baseline - My Favorite Place,General,1,0,1,2,Beginning,Submitted,Beginning (0-2),700061,Fall,Narrative,2025-10-04,Beecher Hills Elementary,Atlanta Public Schools,2025-2026
300021,"Martinez, Mila",5,B,Lisa Martinez,Jan-12 Winter Benchmark - Community Heroes,General,1,2,1,4,Developing,Submitted,Developing (3-4),700062,Winter,Informational,2026-01-12,Beecher Hills Elementary,Atlanta Public Schools,2025-2026
300021,"Martinez, Mila",5,B,Lisa Martinez,Mar-9 GA Extended Writing Task - Athletic Ability,General,1,3,2,6,Proficient,Submitted,Proficient (5-6),700063,Spring,Argumentative,2026-03-09,Beecher Hills Elementary,Atlanta Public Schools,2025-2026
300022,"Rakestraw, Aaron",4,C,Emily Carter,Oct-4 Fall Baseline - My Favorite Place,General,0,1,0,1,Beginning,Submitted,Beginning (0-2),700064,Fall,Narrative,2025-10-04,Beecher Hills Elementary,Atlanta Public Schools,2025-2026
300022,"Rakestraw, Aaron",4,C,Emily Carter,Jan-12 Winter Benchmark - Community Heroes,General,,,,,Not Scored,Pending Review,Not Scored,700065,Winter,Informational,2026-01-12,Beecher Hills Elementary,Atlanta Public Schools,2025-2026
300022,"Rakestraw, Aaron",4,C,Emily Carter,Mar-9 GA Extended Writing Task - Athletic Ability,General,2,3,2,7,Advanced,Submitted,Advanced (7-8),700066,Spring,Argumentative,2026-03-09,Beecher Hills Elementary,Atlanta Public Schools,2025-2026
300023,"Salabova, Iko",3,C,Marcus Lee,Oct-4 Fall Baseline - My Favorite Place,General,1,3,1,5,Proficient,Submitted,Proficient (5-6),700067,Fall,Narrative,2025-10-04,Beecher Hills Elementary,Atlanta Public Schools,2025-2026
300023,"Salabova, Iko",3,C,Marcus Lee,Jan-12 Winter Benchmark - Community Heroes,General,2,2,2,6,Proficient,Submitted,Proficient (5-6),700068,Winter,Informational,2026-01-12,Beecher Hills Elementary,Atlanta Public Schools,2025-2026
300023,"Salabova, Iko",3,C,Marcus Lee,Mar-9 GA Extended Writing Task - Athletic Ability,General,3,2,2,7,Advanced,Submitted,Advanced (7-8),700069,Spring,Argumentative,2026-03-09,Beecher Hills Elementary,Atlanta Public Schools,2025-2026
300024,"Rivera, Evan",4,B,Bretiya Wallace,Oct-4 Fall Baseline - My Favorite Place,Gifted,2,2,1,5,Proficient,Submitted,Proficient (5-6),700070,Fall,Narrative,2025-10-04,Beecher Hills Elementary,Atlanta Public Schools,2025-2026
300024,"Rivera, Evan",4,B,Bretiya Wallace,Jan-12 Winter Benchmark - Community Heroes,Gifted,2,2,1,5,Proficient,Submitted,Proficient (5-6),700071,Winter,Informational,2026-01-12,Beecher Hills Elementary,Atlanta Public Schools,2025-2026
300024,"Rivera, Evan",4,B,Bretiya Wallace,Mar-9 GA Extended Writing Task - Athletic Ability,Gifted,3,2,1,6,Proficient,Submitted,Proficient (5-6),700072,Spring,Argumentative,2026-03-09,Beecher Hills Elementary,Atlanta Public Schools,2025-2026
300025,"Nakamura, Taliyah",5,A,David Brown,Oct-4 Fall Baseline - My Favorite Place,General,1,0,0,1,Beginning,Submitted,Beginning (0-2),700073,Fall,Narrative,2025-10-04,Beecher Hills Elementary,Atlanta Public Schools,2025-2026
300025,"Nakamura, Taliyah",5,A,David Brown,Jan-12 Winter Benchmark - Community Heroes,General,1,1,1,3,Developing,Submitted,Developing (3-4),700074,Winter,Informational,2026-01-12,Beecher Hills Elementary,Atlanta Public Schools,2025-2026
300025,"Nakamura, Taliyah",5,A,David Brown,Mar-9 GA Extended Writing Task - Athletic Ability,General,1,1,1,3,Developing,Submitted,Developing (3-4),700075,Spring,Argumentative,2026-03-09,Beecher Hills Elementary,Atlanta Public Schools,2025-2026
300026,"Barron, Zara",5,A,David Brown,Oct-4 Fall Baseline - My Favorite Place,IEP,1,2,0,3,Developing,Submitted,Developing (3-4),700076,Fall,Narrative,2025-10-04,Beecher Hills Elementary,Atlanta Public Schools,2025-2026
300026,"Barron, Zara",5,A,David Brown,Jan-12 Winter Benchmark - Community Heroes,IEP,3,3,0,6,Proficient,Submitted,Proficient (5-6),700077,Winter,Informational,2026-01-12,Beecher Hills Elementary,Atlanta Public Schools,2025-2026
300026,"Barron, Zara",5,A,David Brown,Mar-9 GA Extended Writing Task - Athletic Ability,IEP,3,2,2,7,Advanced,Submitted,Advanced (7-8),700078,Spring,Argumentative,2026-03-09,Beecher Hills Elementary,Atlanta Public Schools,2025-2026
300027,"Reed, Imani",4,B,Bretiya Wallace,Oct-4 Fall Baseline - My Favorite Place,General,0,1,0,1,Beginning,Submitted,Beginning (0-2),700079,Fall,Narrative,2025-10-04,Beecher Hills Elementary,Atlanta Public Schools,2025-2026
300027,"Reed, Imani",4,B,Bretiya Wallace,Jan-12 Winter Benchmark - Community Heroes,General,0,0,0,0,Beginning,Submitted,Beginning (0-2),700080,Winter,Informational,2026-01-12,Beecher Hills Elementary,Atlanta Public Schools,2025-2026
300027,"Reed, Imani",4,B,Bretiya Wallace,Mar-9 GA Extended Writing Task - Athletic Ability,General,2,0,1,3,Developing,Submitted,Developing (3-4),700081,Spring,Argumentative,2026-03-09,Beecher Hills Elementary,Atlanta Public Schools,2025-2026
300028,"Burton, Liam",4,B,Bretiya Wallace,Oct-4 Fall Baseline - My Favorite Place,Intervention,1,0,0,1,Beginning,Submitted,Beginning (0-2),700082,Fall,Narrative,2025-10-04,Beecher Hills Elementary,Atlanta Public Schools,2025-2026
300028,"Burton, Liam",4,B,Bretiya Wallace,Jan-12 Winter Benchmark - Community Heroes,Intervention,1,1,2,4,Developing,Submitted,Developing (3-4),700083,Winter,Informational,2026-01-12,Beecher Hills Elementary,Atlanta Public Schools,2025-2026
300028,"Burton, Liam",4,B,Bretiya Wallace,Mar-9 GA Extended Writing Task - Athletic Ability,Intervention,1,1,1,3,Developing,Submitted,Developing (3-4),700084,Spring,Argumentative,2026-03-09,Beecher Hills Elementary,Atlanta Public Schools,2025-2026
300029,"Garcia, Abigail",5,B,Lisa Martinez,Oct-4 Fall Baseline - My Favorite Place,English Learner,2,1,0,3,Developing,Submitted,Developing (3-4),700085,Fall,Narrative,2025-10-04,Beecher Hills Elementary,Atlanta Public Schools,2025-2026
300029,"Garcia, Abigail",5,B,Lisa Martinez,Jan-12 Winter Benchmark - Community Heroes,English Learner,1,2,0,3,Developing,Submitted,Developing (3-4),700086,Winter,Informational,2026-01-12,Beecher Hills Elementary,Atlanta Public Schools,2025-2026
300029,"Garcia, Abigail",5,B,Lisa Martinez,Mar-9 GA Extended Writing Task - Athletic Ability,English Learner,1,1,1,3,Developing,Submitted,Developing (3-4),700087,Spring,Argumentative,2026-03-09,Beecher Hills Elementary,Atlanta Public Schools,2025-2026
300030,"Gibson, Riley",3,A,Dana Whitfield,Oct-4 Fall Baseline - My Favorite Place,504 Plan,0,1,0,1,Beginning,Submitted,Beginning (0-2),700088,Fall,Narrative,2025-10-04,Beecher Hills Elementary,Atlanta Public Schools,2025-2026
300030,"Gibson, Riley",3,A,Dana Whitfield,Jan-12 Winter Benchmark - Community Heroes,504 Plan,0,1,0,1,Beginning,Submitted,Beginning (0-2),700089,Winter,Informational,2026-01-12,Beecher Hills Elementary,Atlanta Public Schools,2025-2026
300030,"Gibson, Riley",3,A,Dana Whitfield,Mar-9 GA Extended Writing Task - Athletic Ability,504 Plan,1,3,1,5,Proficient,Submitted,Proficient (5-6),700090,Spring,Argumentative,2026-03-09,Beecher Hills Elementary,Atlanta Public Schools,2025-2026
300031,"Daniels, Samir",5,C,Jennifer Thomas,Oct-4 Fall Baseline - My Favorite Place,General,1,0,0,1,Beginning,Submitted,Beginning (0-2),700091,Fall,Narrative,2025-10-04,Beecher Hills Elementary,Atlanta Public Schools,2025-2026
300031,"Daniels, Samir",5,C,Jennifer Thomas,Jan-12 Winter Benchmark - Community Heroes,General,,,,,Not Scored,Absent,Not Scored,700092,Winter,Informational,2026-01-12,Beecher Hills Elementary,Atlanta Public Schools,2025-2026
300031,"Daniels, Samir",5,C,Jennifer Thomas,Mar-9 GA Extended Writing Task - Athletic Ability,General,2,3,1,6,Proficient,Submitted,Proficient (5-6),700093,Spring,Argumentative,2026-03-09,Beecher Hills Elementary,Atlanta Public Schools,2025-2026
300032,"Thomas, Andre",4,A,Jasmine Ramey,Oct-4 Fall Baseline - My Favorite Place,General,1,1,1,3,Developing,Submitted,Developing (3-4),700094,Fall,Narrative,2025-10-04,Beecher Hills Elementary,Atlanta Public Schools,2025-2026
300032,"Thomas, Andre",4,A,Jasmine Ramey,Jan-12 Winter Benchmark - Community Heroes,General,2,2,2,6,Proficient,Submitted,Proficient (5-6),700095,Winter,Informational,2026-01-12,Beecher Hills Elementary,Atlanta Public Schools,2025-2026
300032,"Thomas, Andre",4,A,Jasmine Ramey,Mar-9 GA Extended Writing Task - Athletic Ability,General,2,2,2,6,Proficient,Submitted,Proficient (5-6),700096,Spring,Argumentative,2026-03-09,Beecher Hills Elementary,Atlanta Public Schools,2025-2026
300033,"Kindell, Omar",4,B,Bretiya Wallace,Oct-4 Fall Baseline - My Favorite Place,General,,,,,Not Scored,Pending Review,Not Scored,700097,Fall,Narrative,2025-10-04,Beecher Hills Elementary,Atlanta Public Schools,2025-2026
300033,"Kindell, Omar",4,B,Bretiya Wallace,Jan-12 Winter Benchmark - Community Heroes,General,0,1,1,2,Beginning,Submitted,Beginning (0-2),700098,Winter,Informational,2026-01-12,Beecher Hills Elementary,Atlanta Public Schools,2025-2026
300033,"Kindell, Omar",4,B,Bretiya Wallace,Mar-9 GA Extended Writing Task - Athletic Ability,General,1,2,0,3,Developing,Submitted,Developing (3-4),700099,Spring,Argumentative,2026-03-09,Beecher Hills Elementary,Atlanta Public Schools,2025-2026
300034,"Little, Rekiyah",4,C,Emily Carter,Oct-4 Fall Baseline - My Favorite Place,Gifted,0,0,0,0,Beginning,Submitted,Beginning (0-2),700100,Fall,Narrative,2025-10-04,Beecher Hills Elementary,Atlanta Public Schools,2025-2026
300034,"Little, Rekiyah",4,C,Emily Carter,Jan-12 Winter Benchmark - Community Heroes,Gifted,2,1,1,4,Developing,Submitted,Developing (3-4),700101,Winter,Informational,2026-01-12,Beecher Hills Elementary,Atlanta Public Schools,2025-2026
300034,"Little, Rekiyah",4,C,Emily Carter,Mar-9 GA Extended Writing Task - Athletic Ability,Gifted,1,0,0,1,Beginning,Submitted,Beginning (0-2),700102,Spring,Argumentative,2026-03-09,Beecher Hills Elementary,Atlanta Public Schools,2025-2026
300035,"Morrison, Sydney",4,C,Emily Carter,Oct-4 Fall Baseline - My Favorite Place,504 Plan,0,2,1,3,Developing,Submitted,Developing (3-4),700103,Fall,Narrative,2025-10-04,Beecher Hills Elementary,Atlanta Public Schools,2025-2026
300035,"Morrison, Sydney",4,C,Emily Carter,Jan-12 Winter Benchmark - Community Heroes,504 Plan,2,0,1,3,Developing,Submitted,Developing (3-4),700104,Winter,Informational,2026-01-12,Beecher Hills Elementary,Atlanta Public Schools,2025-2026
300035,"Morrison, Sydney",4,C,Emily Carter,Mar-9 GA Extended Writing Task - Athletic Ability,504 Plan,1,2,1,4,Developing,Submitted,Developing (3-4),700105,Spring,Argumentative,2026-03-09,Beecher Hills Elementary,Atlanta Public Schools,2025-2026
300036,"Nguyen, Ella",3,C,Marcus Lee,Oct-4 Fall Baseline - My Favorite Place,General,3,2,1,6,Proficient,Submitted,Proficient (5-6),700106,Fall,Narrative,2025-10-04,Beecher Hills Elementary,Atlanta Public Schools,2025-2026
300036,"Nguyen, Ella",3,C,Marcus Lee,Jan-12 Winter Benchmark - Community Heroes,General,3,1,1,5,Proficient,Submitted,Proficient (5-6),700107,Winter,Informational,2026-01-12,Beecher Hills Elementary,Atlanta Public Schools,2025-2026
300036,"Nguyen, Ella",3,C,Marcus Lee,Mar-9 GA Extended Writing Task - Athletic Ability,General,3,2,1,6,Proficient,Submitted,Proficient (5-6),700108,Spring,Argumentative,2026-03-09,Beecher Hills Elementary,Atlanta Public Schools,2025-2026
300037,"Portalatin, Amara",3,A,Dana Whitfield,Oct-4 Fall Baseline - My Favorite Place,Intervention,0,0,0,0,Beginning,Submitted,Beginning (0-2),700109,Fall,Narrative,2025-10-04,Beecher Hills Elementary,Atlanta Public Schools,2025-2026
300037,"Portalatin, Amara",3,A,Dana Whitfield,Jan-12 Winter Benchmark - Community Heroes,Intervention,0,1,1,2,Beginning,Submitted,Beginning (0-2),700110,Winter,Informational,2026-01-12,Beecher Hills Elementary,Atlanta Public Schools,2025-2026
300037,"Portalatin, Amara",3,A,Dana Whitfield,Mar-9 GA Extended Writing Task - Athletic Ability,Intervention,2,1,1,4,Developing,Submitted,Developing (3-4),700111,Spring,Argumentative,2026-03-09,Beecher Hills Elementary,Atlanta Public Schools,2025-2026
300038,"Gilstrap, Amari",3,A,Dana Whitfield,Oct-4 Fall Baseline - My Favorite Place,General,1,0,0,1,Beginning,Submitted,Beginning (0-2),700112,Fall,Narrative,2025-10-04,Beecher Hills Elementary,Atlanta Public Schools,2025-2026
300038,"Gilstrap, Amari",3,A,Dana Whitfield,Jan-12 Winter Benchmark - Community Heroes,General,1,1,0,2,Beginning,Submitted,Beginning (0-2),700113,Winter,Informational,2026-01-12,Beecher Hills Elementary,Atlanta Public Schools,2025-2026
300038,"Gilstrap, Amari",3,A,Dana Whitfield,Mar-9 GA Extended Writing Task - Athletic Ability,General,1,0,0,1,Beginning,Submitted,Beginning (0-2),700114,Spring,Argumentative,2026-03-09,Beecher Hills Elementary,Atlanta Public Schools,2025-2026
300039,"Wallace, Gabriel",5,D,Michael Scott,Oct-4 Fall Baseline - My Favorite Place,General,1,1,0,2,Beginning,Submitted,Beginning (0-2),700115,Fall,Narrative,2025-10-04,Beecher Hills Elementary,Atlanta Public Schools,2025-2026
300039,"Wallace, Gabriel",5,D,Michael Scott,Jan-12 Winter Benchmark - Community Heroes,General,1,1,1,3,Developing,Submitted,Developing (3-4),700116,Winter,Informational,2026-01-12,Beecher Hills Elementary,Atlanta Public Schools,2025-2026
300039,"Wallace, Gabriel",5,D,Michael Scott,Mar-9 GA Extended Writing Task - Athletic Ability,General,,,,,Not Scored,Pending Review,Not Scored,700117,Spring,Argumentative,2026-03-09,Beecher Hills Elementary,Atlanta Public Schools,2025-2026
300040,"Gibson, Jaxon",4,A,Jasmine Ramey,Oct-4 Fall Baseline - My Favorite Place,General,1,2,1,4,Developing,Submitted,Developing (3-4),700118,Fall,Narrative,2025-10-04,Beecher Hills Elementary,Atlanta Public Schools,2025-2026
300040,"Gibson, Jaxon",4,A,Jasmine Ramey,Jan-12 Winter Benchmark - Community Heroes,General,2,2,1,5,Proficient,Submitted,Proficient (5-6),700119,Winter,Informational,2026-01-12,Beecher Hills Elementary,Atlanta Public Schools,2025-2026
300040,"Gibson, Jaxon",4,A,Jasmine Ramey,Mar-9 GA Extended Writing Task - Athletic Ability,General,3,3,2,8,Advanced,Submitted,Advanced (7-8),700120,Spring,Argumentative,2026-03-09,Beecher Hills Elementary,Atlanta Public Schools,2025-2026
300041,"Scott, Kaylee",5,D,Michael Scott,Oct-4 Fall Baseline - My Favorite Place,Intervention,,,,,Not Scored,Pending Review,Not Scored,700121,Fall,Narrative,2025-10-04,Beecher Hills Elementary,Atlanta Public Schools,2025-2026
300041,"Scott, Kaylee",5,D,Michael Scott,Jan-12 Winter Benchmark - Community Heroes,Intervention,1,2,1,4,Developing,Submitted,Developing (3-4),700122,Winter,Informational,2026-01-12,Beecher Hills Elementary,Atlanta Public Schools,2025-2026
300041,"Scott, Kaylee",5,D,Michael Scott,Mar-9 GA Extended Writing Task - Athletic Ability,Intervention,1,0,1,2,Beginning,Submitted,Beginning (0-2),700123,Spring,Argumentative,2026-03-09,Beecher Hills Elementary,Atlanta Public Schools,2025-2026
300042,"Scott, Hailey",5,B,Lisa Martinez,Oct-4 Fall Baseline - My Favorite Place,General,1,2,1,4,Developing,Submitted,Developing (3-4),700124,Fall,Narrative,2025-10-04,Beecher Hills Elementary,Atlanta Public Schools,2025-2026
300042,"Scott, Hailey",5,B,Lisa Martinez,Jan-12 Winter Benchmark - Community Heroes,General,3,2,1,6,Proficient,Submitted,Proficient (5-6),700125,Winter,Informational,2026-01-12,Beecher Hills Elementary,Atlanta Public Schools,2025-2026
300042,"Scott, Hailey",5,B,Lisa Martinez,Mar-9 GA Extended Writing Task - Athletic Ability,General,3,3,2,8,Advanced,Submitted,Advanced (7-8),700126,Spring,Argumentative,2026-03-09,Beecher Hills Elementary,Atlanta Public Schools,2025-2026
300043,"Boateng, Jackson",5,B,Lisa Martinez,Oct-4 Fall Baseline - My Favorite Place,General,1,2,0,3,Developing,Submitted,Developing (3-4),700127,Fall,Narrative,2025-10-04,Beecher Hills Elementary,Atlanta Public Schools,2025-2026
300043,"Boateng, Jackson",5,B,Lisa Martinez,Jan-12 Winter Benchmark - Community Heroes,General,1,1,1,3,Developing,Submitted,Developing (3-4),700128,Winter,Informational,2026-01-12,Beecher Hills Elementary,Atlanta Public Schools,2025-2026
300043,"Boateng, Jackson",5,B,Lisa Martinez,Mar-9 GA Extended Writing Task - Athletic Ability,General,1,1,1,3,Developing,Submitted,Developing (3-4),700129,Spring,Argumentative,2026-03-09,Beecher Hills Elementary,Atlanta Public Schools,2025-2026
300044,"Boateng, Olivia",5,C,Jennifer Thomas,Oct-4 Fall Baseline - My Favorite Place,IEP,0,1,0,1,Beginning,Submitted,Beginning (0-2),700130,Fall,Narrative,2025-10-04,Beecher Hills Elementary,Atlanta Public Schools,2025-2026
300044,"Boateng, Olivia",5,C,Jennifer Thomas,Jan-12 Winter Benchmark - Community Heroes,IEP,2,1,1,4,Developing,Submitted,Developing (3-4),700131,Winter,Informational,2026-01-12,Beecher Hills Elementary,Atlanta Public Schools,2025-2026
300044,"Boateng, Olivia",5,C,Jennifer Thomas,Mar-9 GA Extended Writing Task - Athletic Ability,IEP,2,1,1,4,Developing,Submitted,Developing (3-4),700132,Spring,Argumentative,2026-03-09,Beecher Hills Elementary,Atlanta Public Schools,2025-2026
300045,"Jones, Maya",4,B,Bretiya Wallace,Oct-4 Fall Baseline - My Favorite Place,IEP,1,1,1,3,Developing,Submitted,Developing (3-4),700133,Fall,Narrative,2025-10-04,Beecher Hills Elementary,Atlanta Public Schools,2025-2026
300045,"Jones, Maya",4,B,Bretiya Wallace,Jan-12 Winter Benchmark - Community Heroes,IEP,2,1,1,4,Developing,Submitted,Developing (3-4),700134,Winter,Informational,2026-01-12,Beecher Hills Elementary,Atlanta Public Schools,2025-2026
300045,"Jones, Maya",4,B,Bretiya Wallace,Mar-9 GA Extended Writing Task - Athletic Ability,IEP,3,2,2,7,Advanced,Submitted,Advanced (7-8),700135,Spring,Argumentative,2026-03-09,Beecher Hills Elementary,Atlanta Public Schools,2025-2026
300046,"Stanley, Trey",4,C,Emily Carter,Oct-4 Fall Baseline - My Favorite Place,IEP,0,0,0,0,Beginning,Submitted,Beginning (0-2),700136,Fall,Narrative,2025-10-04,Beecher Hills Elementary,Atlanta Public Schools,2025-2026
300046,"Stanley, Trey",4,C,Emily Carter,Jan-12 Winter Benchmark - Community Heroes,IEP,0,0,0,0,Beginning,Submitted,Beginning (0-2),700137,Winter,Informational,2026-01-12,Beecher Hills Elementary,Atlanta Public Schools,2025-2026
300046,"Stanley, Trey",4,C,Emily Carter,Mar-9 GA Extended Writing Task - Athletic Ability,IEP,2,0,0,2,Beginning,Submitted,Beginning (0-2),700138,Spring,Argumentative,2026-03-09,Beecher Hills Elementary,Atlanta Public Schools,2025-2026
300047,"King, Luna",3,A,Dana Whitfield,Oct-4 Fall Baseline - My Favorite Place,General,1,1,1,3,Developing,Submitted,Developing (3-4),700139,Fall,Narrative,2025-10-04,Beecher Hills Elementary,Atlanta Public Schools,2025-2026
300047,"King, Luna",3,A,Dana Whitfield,Jan-12 Winter Benchmark - Community Heroes,General,2,1,1,4,Developing,Submitted,Developing (3-4),700140,Winter,Informational,2026-01-12,Beecher Hills Elementary,Atlanta Public Schools,2025-2026
300047,"King, Luna",3,A,Dana Whitfield,Mar-9 GA Extended Writing Task - Athletic Ability,General,1,2,2,5,Proficient,Submitted,Proficient (5-6),700141,Spring,Argumentative,2026-03-09,Beecher Hills Elementary,Atlanta Public Schools,2025-2026
300048,"Nguyen, Dakari",3,C,Marcus Lee,Oct-4 Fall Baseline - My Favorite Place,IEP,0,0,1,1,Beginning,Submitted,Beginning (0-2),700142,Fall,Narrative,2025-10-04,Beecher Hills Elementary,Atlanta Public Schools,2025-2026
300048,"Nguyen, Dakari",3,C,Marcus Lee,Jan-12 Winter Benchmark - Community Heroes,IEP,0,0,0,0,Beginning,Submitted,Beginning (0-2),700143,Winter,Informational,2026-01-12,Beecher Hills Elementary,Atlanta Public Schools,2025-2026
300048,"Nguyen, Dakari",3,C,Marcus Lee,Mar-9 GA Extended Writing Task - Athletic Ability,IEP,1,0,0,1,Beginning,Submitted,Beginning (0-2),700144,Spring,Argumentative,2026-03-09,Beecher Hills Elementary,Atlanta Public Schools,2025-2026
300049,"Wiley, Evan",3,A,Dana Whitfield,Oct-4 Fall Baseline - My Favorite Place,General,2,1,0,3,Developing,Submitted,Developing (3-4),700145,Fall,Narrative,2025-10-04,Beecher Hills Elementary,Atlanta Public Schools,2025-2026
300049,"Wiley, Evan",3,A,Dana Whitfield,Jan-12 Winter Benchmark - Community Heroes,General,,,,,Not Scored,Pending Review,Not Scored,700146,Winter,Informational,2026-01-12,Beecher Hills Elementary,Atlanta Public Schools,2025-2026
300049,"Wiley, Evan",3,A,Dana Whitfield,Mar-9 GA Extended Writing Task - Athletic Ability,General,1,2,1,4,Developing,Submitted,Developing (3-4),700147,Spring,Argumentative,2026-03-09,Beecher Hills Elementary,Atlanta Public Schools,2025-2026
300050,"Stewart, Cruz",3,C,Marcus Lee,Oct-4 Fall Baseline - My Favorite Place,General,1,0,1,2,Beginning,Submitted,Beginning (0-2),700148,Fall,Narrative,2025-10-04,Beecher Hills Elementary,Atlanta Public Schools,2025-2026
300050,"Stewart, Cruz",3,C,Marcus Lee,Jan-12 Winter Benchmark - Community Heroes,General,2,1,1,4,Developing,Submitted,Developing (3-4),700149,Winter,Informational,2026-01-12,Beecher Hills Elementary,Atlanta Public Schools,2025-2026
300050,"Stewart, Cruz",3,C,Marcus Lee,Mar-9 GA Extended Writing Task - Athletic Ability,General,2,2,2,6,Proficient,Submitted,Proficient (5-6),700150,Spring,Argumentative,2026-03-09,Beecher Hills Elementary,Atlanta Public Schools,2025-2026
300051,"Gilstrap, Sydney",3,B,Priya Shah,Oct-4 Fall Baseline - My Favorite Place,General,2,2,1,5,Proficient,Submitted,Proficient (5-6),700151,Fall,Narrative,2025-10-04,Beecher Hills Elementary,Atlanta Public Schools,2025-2026
300051,"Gilstrap, Sydney",3,B,Priya Shah,Jan-12 Winter Benchmark - Community Heroes,General,3,3,2,8,Advanced,Submitted,Advanced (7-8),700152,Winter,Informational,2026-01-12,Beecher Hills Elementary,Atlanta Public Schools,2025-2026
300051,"Gilstrap, Sydney",3,B,Priya Shah,Mar-9 GA Extended Writing Task - Athletic Ability,General,3,3,1,7,Advanced,Submitted,Advanced (7-8),700153,Spring,Argumentative,2026-03-09,Beecher Hills Elementary,Atlanta Public Schools,2025-2026
300052,"Martinez, Camila",4,B,Bretiya Wallace,Oct-4 Fall Baseline - My Favorite Place,General,2,1,0,3,Developing,Submitted,Developing (3-4),700154,Fall,Narrative,2025-10-04,Beecher Hills Elementary,Atlanta Public Schools,2025-2026
300052,"Martinez, Camila",4,B,Bretiya Wallace,Jan-12 Winter Benchmark - Community Heroes,General,1,0,1,2,Beginning,Submitted,Beginning (0-2),700155,Winter,Informational,2026-01-12,Beecher Hills Elementary,Atlanta Public Schools,2025-2026
300052,"Martinez, Camila",4,B,Bretiya Wallace,Mar-9 GA Extended Writing Task - Athletic Ability,General,1,2,1,4,Developing,Submitted,Developing (3-4),700156,Spring,Argumentative,2026-03-09,Beecher Hills Elementary,Atlanta Public Schools,2025-2026
300053,"Nguyen, Braydon",5,C,Jennifer Thomas,Oct-4 Fall Baseline - My Favorite Place,Gifted,1,0,0,1,Beginning,Submitted,Beginning (0-2),700157,Fall,Narrative,2025-10-04,Beecher Hills Elementary,Atlanta Public Schools,2025-2026
300053,"Nguyen, Braydon",5,C,Jennifer Thomas,Jan-12 Winter Benchmark - Community Heroes,Gifted,1,3,1,5,Proficient,Submitted,Proficient (5-6),700158,Winter,Informational,2026-01-12,Beecher Hills Elementary,Atlanta Public Schools,2025-2026
300053,"Nguyen, Braydon",5,C,Jennifer Thomas,Mar-9 GA Extended Writing Task - Athletic Ability,Gifted,3,2,1,6,Proficient,Submitted,Proficient (5-6),700159,Spring,Argumentative,2026-03-09,Beecher Hills Elementary,Atlanta Public Schools,2025-2026
300054,"Henderson, Dakari",3,B,Priya Shah,Oct-4 Fall Baseline - My Favorite Place,General,2,1,1,4,Developing,Submitted,Developing (3-4),700160,Fall,Narrative,2025-10-04,Beecher Hills Elementary,Atlanta Public Schools,2025-2026
300054,"Henderson, Dakari",3,B,Priya Shah,Jan-12 Winter Benchmark - Community Heroes,General,2,3,2,7,Advanced,Submitted,Advanced (7-8),700161,Winter,Informational,2026-01-12,Beecher Hills Elementary,Atlanta Public Schools,2025-2026
300054,"Henderson, Dakari",3,B,Priya Shah,Mar-9 GA Extended Writing Task - Athletic Ability,General,2,3,2,7,Advanced,Submitted,Advanced (7-8),700162,Spring,Argumentative,2026-03-09,Beecher Hills Elementary,Atlanta Public Schools,2025-2026
300055,"Ellison, Riley",4,A,Jasmine Ramey,Oct-4 Fall Baseline - My Favorite Place,General,1,2,0,3,Developing,Submitted,Developing (3-4),700163,Fall,Narrative,2025-10-04,Beecher Hills Elementary,Atlanta Public Schools,2025-2026
300055,"Ellison, Riley",4,A,Jasmine Ramey,Jan-12 Winter Benchmark - Community Heroes,General,,,,,Not Scored,Not Submitted,Not Scored,700164,Winter,Informational,2026-01-12,Beecher Hills Elementary,Atlanta Public Schools,2025-2026
300055,"Ellison, Riley",4,A,Jasmine Ramey,Mar-9 GA Extended Writing Task - Athletic Ability,General,3,3,2,8,Advanced,Submitted,Advanced (7-8),700165,Spring,Argumentative,2026-03-09,Beecher Hills Elementary,Atlanta Public Schools,2025-2026
300056,"Kindell, Zara",4,C,Emily Carter,Oct-4 Fall Baseline - My Favorite Place,IEP,0,0,1,1,Beginning,Submitted,Beginning (0-2),700166,Fall,Narrative,2025-10-04,Beecher Hills Elementary,Atlanta Public Schools,2025-2026
300056,"Kindell, Zara",4,C,Emily Carter,Jan-12 Winter Benchmark - Community Heroes,IEP,2,1,0,3,Developing,Submitted,Developing (3-4),700167,Winter,Informational,2026-01-12,Beecher Hills Elementary,Atlanta Public Schools,2025-2026
300056,"Kindell, Zara",4,C,Emily Carter,Mar-9 GA Extended Writing Task - Athletic Ability,IEP,2,1,1,4,Developing,Submitted,Developing (3-4),700168,Spring,Argumentative,2026-03-09,Beecher Hills Elementary,Atlanta Public Schools,2025-2026
300057,"King, Triston",5,D,Michael Scott,Oct-4 Fall Baseline - My Favorite Place,General,1,1,1,3,Developing,Submitted,Developing (3-4),700169,Fall,Narrative,2025-10-04,Beecher Hills Elementary,Atlanta Public Schools,2025-2026
300057,"King, Triston",5,D,Michael Scott,Jan-12 Winter Benchmark - Community Heroes,General,3,3,1,7,Advanced,Submitted,Advanced (7-8),700170,Winter,Informational,2026-01-12,Beecher Hills Elementary,Atlanta Public Schools,2025-2026
300057,"King, Triston",5,D,Michael Scott,Mar-9 GA Extended Writing Task - Athletic Ability,General,2,3,2,7,Advanced,Submitted,Advanced (7-8),700171,Spring,Argumentative,2026-03-09,Beecher Hills Elementary,Atlanta Public Schools,2025-2026
300058,"Daniels, Aiyla",3,B,Priya Shah,Oct-4 Fall Baseline - My Favorite Place,General,1,1,1,3,Developing,Submitted,Developing (3-4),700172,Fall,Narrative,2025-10-04,Beecher Hills Elementary,Atlanta Public Schools,2025-2026
300058,"Daniels, Aiyla",3,B,Priya Shah,Jan-12 Winter Benchmark - Community Heroes,General,1,2,1,4,Developing,Submitted,Developing (3-4),700173,Winter,Informational,2026-01-12,Beecher Hills Elementary,Atlanta Public Schools,2025-2026
300058,"Daniels, Aiyla",3,B,Priya Shah,Mar-9 GA Extended Writing Task - Athletic Ability,General,2,2,2,6,Proficient,Submitted,Proficient (5-6),700174,Spring,Argumentative,2026-03-09,Beecher Hills Elementary,Atlanta Public Schools,2025-2026
300059,"King, Jaxon",5,D,Michael Scott,Oct-4 Fall Baseline - My Favorite Place,General,0,1,1,2,Beginning,Submitted,Beginning (0-2),700175,Fall,Narrative,2025-10-04,Beecher Hills Elementary,Atlanta Public Schools,2025-2026
300059,"King, Jaxon",5,D,Michael Scott,Jan-12 Winter Benchmark - Community Heroes,General,1,2,0,3,Developing,Submitted,Developing (3-4),700176,Winter,Informational,2026-01-12,Beecher Hills Elementary,Atlanta Public Schools,2025-2026
300059,"King, Jaxon",5,D,Michael Scott,Mar-9 GA Extended Writing Task - Athletic Ability,General,2,2,1,5,Proficient,Submitted,Proficient (5-6),700177,Spring,Argumentative,2026-03-09,Beecher Hills Elementary,Atlanta Public Schools,2025-2026
300060,"Jefferson, Caleb",3,B,Priya Shah,Oct-4 Fall Baseline - My Favorite Place,General,0,1,0,1,Beginning,Submitted,Beginning (0-2),700178,Fall,Narrative,2025-10-04,Beecher Hills Elementary,Atlanta Public Schools,2025-2026
300060,"Jefferson, Caleb",3,B,Priya Shah,Jan-12 Winter Benchmark - Community Heroes,General,1,1,0,2,Beginning,Submitted,Beginning (0-2),700179,Winter,Informational,2026-01-12,Beecher Hills Elementary,Atlanta Public Schools,2025-2026
300060,"Jefferson, Caleb",3,B,Priya Shah,Mar-9 GA Extended Writing Task - Athletic Ability,General,2,1,1,4,Developing,Submitted,Developing (3-4),700180,Spring,Argumentative,2026-03-09,Beecher Hills Elementary,Atlanta Public Schools,2025-2026
300061,"Mitchell, Fatima",5,D,Michael Scott,Oct-4 Fall Baseline - My Favorite Place,General,2,1,1,4,Developing,Submitted,Developing (3-4),700181,Fall,Narrative,2025-10-04,Beecher Hills Elementary,Atlanta Public Schools,2025-2026
300061,"Mitchell, Fatima",5,D,Michael Scott,Jan-12 Winter Benchmark - Community Heroes,General,2,3,2,7,Advanced,Submitted,Advanced (7-8),700182,Winter,Informational,2026-01-12,Beecher Hills Elementary,Atlanta Public Schools,2025-2026
300061,"Mitchell, Fatima",5,D,Michael Scott,Mar-9 GA Extended Writing Task - Athletic Ability,General,2,3,2,7,Advanced,Submitted,Advanced (7-8),700183,Spring,Argumentative,2026-03-09,Beecher Hills Elementary,Atlanta Public Schools,2025-2026
300062,"Robinson, Mia",5,B,Lisa Martinez,Oct-4 Fall Baseline - My Favorite Place,English Learner,1,1,1,3,Developing,Submitted,Developing (3-4),700184,Fall,Narrative,2025-10-04,Beecher Hills Elementary,Atlanta Public Schools,2025-2026
300062,"Robinson, Mia",5,B,Lisa Martinez,Jan-12 Winter Benchmark - Community Heroes,English Learner,,,,,Not Scored,Pending Review,Not Scored,700185,Winter,Informational,2026-01-12,Beecher Hills Elementary,Atlanta Public Schools,2025-2026
300062,"Robinson, Mia",5,B,Lisa Martinez,Mar-9 GA Extended Writing Task - Athletic Ability,English Learner,2,2,1,5,Proficient,Submitted,Proficient (5-6),700186,Spring,Argumentative,2026-03-09,Beecher Hills Elementary,Atlanta Public Schools,2025-2026
300063,"Patel, Olivia",4,A,Jasmine Ramey,Oct-4 Fall Baseline - My Favorite Place,504 Plan,1,1,2,4,Developing,Submitted,Developing (3-4),700187,Fall,Narrative,2025-10-04,Beecher Hills Elementary,Atlanta Public Schools,2025-2026
300063,"Patel, Olivia",4,A,Jasmine Ramey,Jan-12 Winter Benchmark - Community Heroes,504 Plan,2,0,1,3,Developing,Submitted,Developing (3-4),700188,Winter,Informational,2026-01-12,Beecher Hills Elementary,Atlanta Public Schools,2025-2026
300063,"Patel, Olivia",4,A,Jasmine Ramey,Mar-9 GA Extended Writing Task - Athletic Ability,504 Plan,,,,,Not Scored,Absent,Not Scored,700189,Spring,Argumentative,2026-03-09,Beecher Hills Elementary,Atlanta Public Schools,2025-2026
300064,"Gibson, Mila",5,B,Lisa Martinez,Oct-4 Fall Baseline - My Favorite Place,General,2,1,1,4,Developing,Submitted,Developing (3-4),700190,Fall,Narrative,2025-10-04,Beecher Hills Elementary,Atlanta Public Schools,2025-2026
300064,"Gibson, Mila",5,B,Lisa Martinez,Jan-12 Winter Benchmark - Community Heroes,General,1,1,2,4,Developing,Submitted,Developing (3-4),700191,Winter,Informational,2026-01-12,Beecher Hills Elementary,Atlanta Public Schools,2025-2026
300064,"Gibson, Mila",5,B,Lisa Martinez,Mar-9 GA Extended Writing Task - Athletic Ability,General,2,2,1,5,Proficient,Submitted,Proficient (5-6),700192,Spring,Argumentative,2026-03-09,Beecher Hills Elementary,Atlanta Public Schools,2025-2026
300065,"Portalatin, Caleb",5,C,Jennifer Thomas,Oct-4 Fall Baseline - My Favorite Place,IEP,2,2,2,6,Proficient,Submitted,Proficient (5-6),700193,Fall,Narrative,2025-10-04,Beecher Hills Elementary,Atlanta Public Schools,2025-2026
300065,"Portalatin, Caleb",5,C,Jennifer Thomas,Jan-12 Winter Benchmark - Community Heroes,IEP,1,2,1,4,Developing,Submitted,Developing (3-4),700194,Winter,Informational,2026-01-12,Beecher Hills Elementary,Atlanta Public Schools,2025-2026
300065,"Portalatin, Caleb",5,C,Jennifer Thomas,Mar-9 GA Extended Writing Task - Athletic Ability,IEP,3,2,2,7,Advanced,Submitted,Advanced (7-8),700195,Spring,Argumentative,2026-03-09,Beecher Hills Elementary,Atlanta Public Schools,2025-2026
300066,"Shah, Maya",5,A,David Brown,Oct-4 Fall Baseline - My Favorite Place,General,1,0,1,2,Beginning,Submitted,Beginning (0-2),700196,Fall,Narrative,2025-10-04,Beecher Hills Elementary,Atlanta Public Schools,2025-2026
300066,"Shah, Maya",5,A,David Brown,Jan-12 Winter Benchmark - Community Heroes,General,,,,,Not Scored,Pending Review,Not Scored,700197,Winter,Informational,2026-01-12,Beecher Hills Elementary,Atlanta Public Schools,2025-2026
300066,"Shah, Maya",5,A,David Brown,Mar-9 GA Extended Writing Task - Athletic Ability,General,3,1,2,6,Proficient,Submitted,Proficient (5-6),700198,Spring,Argumentative,2026-03-09,Beecher Hills Elementary,Atlanta Public Schools,2025-2026
300067,"Patel, Amara",3,C,Marcus Lee,Oct-4 Fall Baseline - My Favorite Place,English Learner,,,,,Not Scored,Pending Review,Not Scored,700199,Fall,Narrative,2025-10-04,Beecher Hills Elementary,Atlanta Public Schools,2025-2026
300067,"Patel, Amara",3,C,Marcus Lee,Jan-12 Winter Benchmark - Community Heroes,English Learner,2,2,2,6,Proficient,Submitted,Proficient (5-6),700200,Winter,Informational,2026-01-12,Beecher Hills Elementary,Atlanta Public Schools,2025-2026
300067,"Patel, Amara",3,C,Marcus Lee,Mar-9 GA Extended Writing Task - Athletic Ability,English Learner,3,3,2,8,Advanced,Submitted,Advanced (7-8),700201,Spring,Argumentative,2026-03-09,Beecher Hills Elementary,Atlanta Public Schools,2025-2026
300068,"Sandoval, Samir",4,A,Jasmine Ramey,Oct-4 Fall Baseline - My Favorite Place,General,1,1,2,4,Developing,Submitted,Developing (3-4),700202,Fall,Narrative,2025-10-04,Beecher Hills Elementary,Atlanta Public Schools,2025-2026
300068,"Sandoval, Samir",4,A,Jasmine Ramey,Jan-12 Winter Benchmark - Community Heroes,General,3,3,1,7,Advanced,Submitted,Advanced (7-8),700203,Winter,Informational,2026-01-12,Beecher Hills Elementary,Atlanta Public Schools,2025-2026
300068,"Sandoval, Samir",4,A,Jasmine Ramey,Mar-9 GA Extended Writing Task - Athletic Ability,General,2,2,2,6,Proficient,Submitted,Proficient (5-6),700204,Spring,Argumentative,2026-03-09,Beecher Hills Elementary,Atlanta Public Schools,2025-2026
300069,"Clark, Anaya",3,A,Dana Whitfield,Oct-4 Fall Baseline - My Favorite Place,General,1,1,1,3,Developing,Submitted,Developing (3-4),700205,Fall,Narrative,2025-10-04,Beecher Hills Elementary,Atlanta Public Schools,2025-2026
300069,"Clark, Anaya",3,A,Dana Whitfield,Jan-12 Winter Benchmark - Community Heroes,General,2,2,1,5,Proficient,Submitted,Proficient (5-6),700206,Winter,Informational,2026-01-12,Beecher Hills Elementary,Atlanta Public Schools,2025-2026
300069,"Clark, Anaya",3,A,Dana Whitfield,Mar-9 GA Extended Writing Task - Athletic Ability,General,2,2,1,5,Proficient,Submitted,Proficient (5-6),700207,Spring,Argumentative,2026-03-09,Beecher Hills Elementary,Atlanta Public Schools,2025-2026
300070,"Pollock, Amara",4,A,Jasmine Ramey,Oct-4 Fall Baseline - My Favorite Place,General,2,2,1,5,Proficient,Submitted,Proficient (5-6),700208,Fall,Narrative,2025-10-04,Beecher Hills Elementary,Atlanta Public Schools,2025-2026
300070,"Pollock, Amara",4,A,Jasmine Ramey,Jan-12 Winter Benchmark - Community Heroes,General,2,2,1,5,Proficient,Submitted,Proficient (5-6),700209,Winter,Informational,2026-01-12,Beecher Hills Elementary,Atlanta Public Schools,2025-2026
300070,"Pollock, Amara",4,A,Jasmine Ramey,Mar-9 GA Extended Writing Task - Athletic Ability,General,3,2,2,7,Advanced,Submitted,Advanced (7-8),700210,Spring,Argumentative,2026-03-09,Beecher Hills Elementary,Atlanta Public Schools,2025-2026
300071,"Burton, Olivia",5,B,Lisa Martinez,Oct-4 Fall Baseline - My Favorite Place,IEP,0,2,1,3,Developing,Submitted,Developing (3-4),700211,Fall,Narrative,2025-10-04,Beecher Hills Elementary,Atlanta Public Schools,2025-2026
300071,"Burton, Olivia",5,B,Lisa Martinez,Jan-12 Winter Benchmark - Community Heroes,IEP,0,2,1,3,Developing,Submitted,Developing (3-4),700212,Winter,Informational,2026-01-12,Beecher Hills Elementary,Atlanta Public Schools,2025-2026
300071,"Burton, Olivia",5,B,Lisa Martinez,Mar-9 GA Extended Writing Task - Athletic Ability,IEP,2,2,1,5,Proficient,Submitted,Proficient (5-6),700213,Spring,Argumentative,2026-03-09,Beecher Hills Elementary,Atlanta Public Schools,2025-2026
300072,"Brooks, Aaliyah",5,C,Jennifer Thomas,Oct-4 Fall Baseline - My Favorite Place,General,0,0,1,1,Beginning,Submitted,Beginning (0-2),700214,Fall,Narrative,2025-10-04,Beecher Hills Elementary,Atlanta Public Schools,2025-2026
300072,"Brooks, Aaliyah",5,C,Jennifer Thomas,Jan-12 Winter Benchmark - Community Heroes,General,1,1,0,2,Beginning,Submitted,Beginning (0-2),700215,Winter,Informational,2026-01-12,Beecher Hills Elementary,Atlanta Public Schools,2025-2026
300072,"Brooks, Aaliyah",5,C,Jennifer Thomas,Mar-9 GA Extended Writing Task - Athletic Ability,General,2,1,1,4,Developing,Submitted,Developing (3-4),700216,Spring,Argumentative,2026-03-09,Beecher Hills Elementary,Atlanta Public Schools,2025-2026
300073,"Little, Darius",5,A,David Brown,Oct-4 Fall Baseline - My Favorite Place,General,1,1,1,3,Developing,Submitted,Developing (3-4),700217,Fall,Narrative,2025-10-04,Beecher Hills Elementary,Atlanta Public Schools,2025-2026
300073,"Little, Darius",5,A,David Brown,Jan-12 Winter Benchmark - Community Heroes,General,,,,,Not Scored,Absent,Not Scored,700218,Winter,Informational,2026-01-12,Beecher Hills Elementary,Atlanta Public Schools,2025-2026
300073,"Little, Darius",5,A,David Brown,Mar-9 GA Extended Writing Task - Athletic Ability,General,1,1,1,3,Developing,Submitted,Developing (3-4),700219,Spring,Argumentative,2026-03-09,Beecher Hills Elementary,Atlanta Public Schools,2025-2026
300074,"King, Connor",5,D,Michael Scott,Oct-4 Fall Baseline - My Favorite Place,General,1,3,1,5,Proficient,Submitted,Proficient (5-6),700220,Fall,Narrative,2025-10-04,Beecher Hills Elementary,Atlanta Public Schools,2025-2026
300074,"King, Connor",5,D,Michael Scott,Jan-12 Winter Benchmark - Community Heroes,General,2,1,1,4,Developing,Submitted,Developing (3-4),700221,Winter,Informational,2026-01-12,Beecher Hills Elementary,Atlanta Public Schools,2025-2026
300074,"King, Connor",5,D,Michael Scott,Mar-9 GA Extended Writing Task - Athletic Ability,General,3,2,1,6,Proficient,Submitted,Proficient (5-6),700222,Spring,Argumentative,2026-03-09,Beecher Hills Elementary,Atlanta Public Schools,2025-2026
300075,"Martinez, Kaylee",5,A,David Brown,Oct-4 Fall Baseline - My Favorite Place,General,1,1,1,3,Developing,Submitted,Developing (3-4),700223,Fall,Narrative,2025-10-04,Beecher Hills Elementary,Atlanta Public Schools,2025-2026
300075,"Martinez, Kaylee",5,A,David Brown,Jan-12 Winter Benchmark - Community Heroes,General,1,2,1,4,Developing,Submitted,Developing (3-4),700224,Winter,Informational,2026-01-12,Beecher Hills Elementary,Atlanta Public Schools,2025-2026
300075,"Martinez, Kaylee",5,A,David Brown,Mar-9 GA Extended Writing Task - Athletic Ability,General,1,2,1,4,Developing,Submitted,Developing (3-4),700225,Spring,Argumentative,2026-03-09,Beecher Hills Elementary,Atlanta Public Schools,2025-2026
300076,"Flores, Aiden",5,B,Lisa Martinez,Oct-4 Fall Baseline - My Favorite Place,General,1,2,1,4,Developing,Submitted,Developing (3-4),700226,Fall,Narrative,2025-10-04,Beecher Hills Elementary,Atlanta Public Schools,2025-2026
300076,"Flores, Aiden",5,B,Lisa Martinez,Jan-12 Winter Benchmark - Community Heroes,General,2,0,2,4,Developing,Submitted,Developing (3-4),700227,Winter,Informational,2026-01-12,Beecher Hills Elementary,Atlanta Public Schools,2025-2026
300076,"Flores, Aiden",5,B,Lisa Martinez,Mar-9 GA Extended Writing Task - Athletic Ability,General,2,2,1,5,Proficient,Submitted,Proficient (5-6),700228,Spring,Argumentative,2026-03-09,Beecher Hills Elementary,Atlanta Public Schools,2025-2026
300077,"Kindell, Taliyah",3,B,Priya Shah,Oct-4 Fall Baseline - My Favorite Place,General,,,,,Not Scored,Absent,Not Scored,700229,Fall,Narrative,2025-10-04,Beecher Hills Elementary,Atlanta Public Schools,2025-2026
300077,"Kindell, Taliyah",3,B,Priya Shah,Jan-12 Winter Benchmark - Community Heroes,General,2,1,1,4,Developing,Submitted,Developing (3-4),700230,Winter,Informational,2026-01-12,Beecher Hills Elementary,Atlanta Public Schools,2025-2026
300077,"Kindell, Taliyah",3,B,Priya Shah,Mar-9 GA Extended Writing Task - Athletic Ability,General,3,3,2,8,Advanced,Submitted,Advanced (7-8),700231,Spring,Argumentative,2026-03-09,Beecher Hills Elementary,Atlanta Public Schools,2025-2026
300078,"Martinez, Nasir",4,A,Jasmine Ramey,Oct-4 Fall Baseline - My Favorite Place,Intervention,2,1,1,4,Developing,Submitted,Developing (3-4),700232,Fall,Narrative,2025-10-04,Beecher Hills Elementary,Atlanta Public Schools,2025-2026
300078,"Martinez, Nasir",4,A,Jasmine Ramey,Jan-12 Winter Benchmark - Community Heroes,Intervention,2,3,2,7,Advanced,Submitted,Advanced (7-8),700233,Winter,Informational,2026-01-12,Beecher Hills Elementary,Atlanta Public Schools,2025-2026
300078,"Martinez, Nasir",4,A,Jasmine Ramey,Mar-9 GA Extended Writing Task - Athletic Ability,Intervention,3,3,2,8,Advanced,Submitted,Advanced (7-8),700234,Spring,Argumentative,2026-03-09,Beecher Hills Elementary,Atlanta Public Schools,2025-2026
300079,"Stanley, Adrian",5,D,Michael Scott,Oct-4 Fall Baseline - My Favorite Place,General,,,,,Not Scored,Absent,Not Scored,700235,Fall,Narrative,2025-10-04,Beecher Hills Elementary,Atlanta Public Schools,2025-2026
300079,"Stanley, Adrian",5,D,Michael Scott,Jan-12 Winter Benchmark - Community Heroes,General,2,3,1,6,Proficient,Submitted,Proficient (5-6),700236,Winter,Informational,2026-01-12,Beecher Hills Elementary,Atlanta Public Schools,2025-2026
300079,"Stanley, Adrian",5,D,Michael Scott,Mar-9 GA Extended Writing Task - Athletic Ability,General,1,2,0,3,Developing,Submitted,Developing (3-4),700237,Spring,Argumentative,2026-03-09,Beecher Hills Elementary,Atlanta Public Schools,2025-2026
300080,"Kindell, Darius",5,D,Michael Scott,Oct-4 Fall Baseline - My Favorite Place,General,1,0,0,1,Beginning,Submitted,Beginning (0-2),700238,Fall,Narrative,2025-10-04,Beecher Hills Elementary,Atlanta Public Schools,2025-2026
300080,"Kindell, Darius",5,D,Michael Scott,Jan-12 Winter Benchmark - Community Heroes,General,1,1,1,3,Developing,Submitted,Developing (3-4),700239,Winter,Informational,2026-01-12,Beecher Hills Elementary,Atlanta Public Schools,2025-2026
300080,"Kindell, Darius",5,D,Michael Scott,Mar-9 GA Extended Writing Task - Athletic Ability,General,1,2,1,4,Developing,Submitted,Developing (3-4),700240,Spring,Argumentative,2026-03-09,Beecher Hills Elementary,Atlanta Public Schools,2025-2026
300081,"Stewart, Aiyla",5,C,Jennifer Thomas,Oct-4 Fall Baseline - My Favorite Place,General,2,1,1,4,Developing,Submitted,Developing (3-4),700241,Fall,Narrative,2025-10-04,Beecher Hills Elementary,Atlanta Public Schools,2025-2026
300081,"Stewart, Aiyla",5,C,Jennifer Thomas,Jan-12 Winter Benchmark - Community Heroes,General,2,1,1,4,Developing,Submitted,Developing (3-4),700242,Winter,Informational,2026-01-12,Beecher Hills Elementary,Atlanta Public Schools,2025-2026
300081,"Stewart, Aiyla",5,C,Jennifer Thomas,Mar-9 GA Extended Writing Task - Athletic Ability,General,2,2,1,5,Proficient,Submitted,Proficient (5-6),700243,Spring,Argumentative,2026-03-09,Beecher Hills Elementary,Atlanta Public Schools,2025-2026
300082,"Burton, Carter",3,A,Dana Whitfield,Oct-4 Fall Baseline - My Favorite Place,General,,,,,Not Scored,Absent,Not Scored,700244,Fall,Narrative,2025-10-04,Beecher Hills Elementary,Atlanta Public Schools,2025-2026
300082,"Burton, Carter",3,A,Dana Whitfield,Jan-12 Winter Benchmark - Community Heroes,General,3,2,2,7,Advanced,Submitted,Advanced (7-8),700245,Winter,Informational,2026-01-12,Beecher Hills Elementary,Atlanta Public Schools,2025-2026
300082,"Burton, Carter",3,A,Dana Whitfield,Mar-9 GA Extended Writing Task - Athletic Ability,General,2,2,1,5,Proficient,Submitted,Proficient (5-6),700246,Spring,Argumentative,2026-03-09,Beecher Hills Elementary,Atlanta Public Schools,2025-2026
300083,"Lovett, Eli",5,D,Michael Scott,Oct-4 Fall Baseline - My Favorite Place,Gifted,1,0,0,1,Beginning,Submitted,Beginning (0-2),700247,Fall,Narrative,2025-10-04,Beecher Hills Elementary,Atlanta Public Schools,2025-2026
300083,"Lovett, Eli",5,D,Michael Scott,Jan-12 Winter Benchmark - Community Heroes,Gifted,2,2,1,5,Proficient,Submitted,Proficient (5-6),700248,Winter,Informational,2026-01-12,Beecher Hills Elementary,Atlanta Public Schools,2025-2026
300083,"Lovett, Eli",5,D,Michael Scott,Mar-9 GA Extended Writing Task - Athletic Ability,Gifted,1,2,1,4,Developing,Submitted,Developing (3-4),700249,Spring,Argumentative,2026-03-09,Beecher Hills Elementary,Atlanta Public Schools,2025-2026
300084,"Rakestraw, Hayzel",5,C,Jennifer Thomas,Oct-4 Fall Baseline - My Favorite Place,IEP,1,2,0,3,Developing,Submitted,Developing (3-4),700250,Fall,Narrative,2025-10-04,Beecher Hills Elementary,Atlanta Public Schools,2025-2026
300084,"Rakestraw, Hayzel",5,C,Jennifer Thomas,Jan-12 Winter Benchmark - Community Heroes,IEP,2,1,0,3,Developing,Submitted,Developing (3-4),700251,Winter,Informational,2026-01-12,Beecher Hills Elementary,Atlanta Public Schools,2025-2026
300084,"Rakestraw, Hayzel",5,C,Jennifer Thomas,Mar-9 GA Extended Writing Task - Athletic Ability,IEP,1,1,0,2,Beginning,Submitted,Beginning (0-2),700252,Spring,Argumentative,2026-03-09,Beecher Hills Elementary,Atlanta Public Schools,2025-2026
300085,"Morrison, Carter",5,B,Lisa Martinez,Oct-4 Fall Baseline - My Favorite Place,General,1,0,1,2,Beginning,Submitted,Beginning (0-2),700253,Fall,Narrative,2025-10-04,Beecher Hills Elementary,Atlanta Public Schools,2025-2026
300085,"Morrison, Carter",5,B,Lisa Martinez,Jan-12 Winter Benchmark - Community Heroes,General,1,1,1,3,Developing,Submitted,Developing (3-4),700254,Winter,Informational,2026-01-12,Beecher Hills Elementary,Atlanta Public Schools,2025-2026
300085,"Morrison, Carter",5,B,Lisa Martinez,Mar-9 GA Extended Writing Task - Athletic Ability,General,3,1,2,6,Proficient,Submitted,Proficient (5-6),700255,Spring,Argumentative,2026-03-09,Beecher Hills Elementary,Atlanta Public Schools,2025-2026
300086,"Pollock, Nasir",3,B,Priya Shah,Oct-4 Fall Baseline - My Favorite Place,General,1,0,1,2,Beginning,Submitted,Beginning (0-2),700256,Fall,Narrative,2025-10-04,Beecher Hills Elementary,Atlanta Public Schools,2025-2026
300086,"Pollock, Nasir",3,B,Priya Shah,Jan-12 Winter Benchmark - Community Heroes,General,,,,,Not Scored,Not Submitted,Not Scored,700257,Winter,Informational,2026-01-12,Beecher Hills Elementary,Atlanta Public Schools,2025-2026
300086,"Pollock, Nasir",3,B,Priya Shah,Mar-9 GA Extended Writing Task - Athletic Ability,General,2,2,1,5,Proficient,Submitted,Proficient (5-6),700258,Spring,Argumentative,2026-03-09,Beecher Hills Elementary,Atlanta Public Schools,2025-2026
300087,"Willis, Amara",4,A,Jasmine Ramey,Oct-4 Fall Baseline - My Favorite Place,IEP,2,1,1,4,Developing,Submitted,Developing (3-4),700259,Fall,Narrative,2025-10-04,Beecher Hills Elementary,Atlanta Public Schools,2025-2026
300087,"Willis, Amara",4,A,Jasmine Ramey,Jan-12 Winter Benchmark - Community Heroes,IEP,2,1,1,4,Developing,Submitted,Developing (3-4),700260,Winter,Informational,2026-01-12,Beecher Hills Elementary,Atlanta Public Schools,2025-2026
300087,"Willis, Amara",4,A,Jasmine Ramey,Mar-9 GA Extended Writing Task - Athletic Ability,IEP,2,2,1,5,Proficient,Submitted,Proficient (5-6),700261,Spring,Argumentative,2026-03-09,Beecher Hills Elementary,Atlanta Public Schools,2025-2026
300088,"Brennan, Riley",4,B,Bretiya Wallace,Oct-4 Fall Baseline - My Favorite Place,Intervention,0,0,0,0,Beginning,Submitted,Beginning (0-2),700262,Fall,Narrative,2025-10-04,Beecher Hills Elementary,Atlanta Public Schools,2025-2026
300088,"Brennan, Riley",4,B,Bretiya Wallace,Jan-12 Winter Benchmark - Community Heroes,Intervention,,,,,Not Scored,Absent,Not Scored,700263,Winter,Informational,2026-01-12,Beecher Hills Elementary,Atlanta Public Schools,2025-2026
300088,"Brennan, Riley",4,B,Bretiya Wallace,Mar-9 GA Extended Writing Task - Athletic Ability,Intervention,2,1,0,3,Developing,Submitted,Developing (3-4),700264,Spring,Argumentative,2026-03-09,Beecher Hills Elementary,Atlanta Public Schools,2025-2026
300089,"Allen, Noah",5,B,Lisa Martinez,Oct-4 Fall Baseline - My Favorite Place,IEP,1,1,2,4,Developing,Submitted,Developing (3-4),700265,Fall,Narrative,2025-10-04,Beecher Hills Elementary,Atlanta Public Schools,2025-2026
300089,"Allen, Noah",5,B,Lisa Martinez,Jan-12 Winter Benchmark - Community Heroes,IEP,2,2,2,6,Proficient,Submitted,Proficient (5-6),700266,Winter,Informational,2026-01-12,Beecher Hills Elementary,Atlanta Public Schools,2025-2026
300089,"Allen, Noah",5,B,Lisa Martinez,Mar-9 GA Extended Writing Task - Athletic Ability,IEP,3,2,1,6,Proficient,Submitted,Proficient (5-6),700267,Spring,Argumentative,2026-03-09,Beecher Hills Elementary,Atlanta Public Schools,2025-2026
300090,"Coleman, Gabriel",3,A,Dana Whitfield,Oct-4 Fall Baseline - My Favorite Place,504 Plan,0,1,1,2,Beginning,Submitted,Beginning (0-2),700268,Fall,Narrative,2025-10-04,Beecher Hills Elementary,Atlanta Public Schools,2025-2026
300090,"Coleman, Gabriel",3,A,Dana Whitfield,Jan-12 Winter Benchmark - Community Heroes,504 Plan,1,0,0,1,Beginning,Submitted,Beginning (0-2),700269,Winter,Informational,2026-01-12,Beecher Hills Elementary,Atlanta Public Schools,2025-2026
300090,"Coleman, Gabriel",3,A,Dana Whitfield,Mar-9 GA Extended Writing Task - Athletic Ability,504 Plan,0,1,1,2,Beginning,Submitted,Beginning (0-2),700270,Spring,Argumentative,2026-03-09,Beecher Hills Elementary,Atlanta Public Schools,2025-2026
300091,"Flores, Leah",4,C,Emily Carter,Oct-4 Fall Baseline - My Favorite Place,General,0,1,0,1,Beginning,Submitted,Beginning (0-2),700271,Fall,Narrative,2025-10-04,Beecher Hills Elementary,Atlanta Public Schools,2025-2026
300091,"Flores, Leah",4,C,Emily Carter,Jan-12 Winter Benchmark - Community Heroes,General,0,1,0,1,Beginning,Submitted,Beginning (0-2),700272,Winter,Informational,2026-01-12,Beecher Hills Elementary,Atlanta Public Schools,2025-2026
300091,"Flores, Leah",4,C,Emily Carter,Mar-9 GA Extended Writing Task - Athletic Ability,General,2,2,1,5,Proficient,Submitted,Proficient (5-6),700273,Spring,Argumentative,2026-03-09,Beecher Hills Elementary,Atlanta Public Schools,2025-2026
300092,"Brennan, Iko",5,C,Jennifer Thomas,Oct-4 Fall Baseline - My Favorite Place,General,1,1,0,2,Beginning,Submitted,Beginning (0-2),700274,Fall,Narrative,2025-10-04,Beecher Hills Elementary,Atlanta Public Schools,2025-2026
300092,"Brennan, Iko",5,C,Jennifer Thomas,Jan-12 Winter Benchmark - Community Heroes,General,1,0,1,2,Beginning,Submitted,Beginning (0-2),700275,Winter,Informational,2026-01-12,Beecher Hills Elementary,Atlanta Public Schools,2025-2026
300092,"Brennan, Iko",5,C,Jennifer Thomas,Mar-9 GA Extended Writing Task - Athletic Ability,General,3,3,2,8,Advanced,Submitted,Advanced (7-8),700276,Spring,Argumentative,2026-03-09,Beecher Hills Elementary,Atlanta Public Schools,2025-2026
300093,"Clark, Grant",3,B,Priya Shah,Oct-4 Fall Baseline - My Favorite Place,General,,,,,Not Scored,Pending Review,Not Scored,700277,Fall,Narrative,2025-10-04,Beecher Hills Elementary,Atlanta Public Schools,2025-2026
300093,"Clark, Grant",3,B,Priya Shah,Jan-12 Winter Benchmark - Community Heroes,General,2,1,2,5,Proficient,Submitted,Proficient (5-6),700278,Winter,Informational,2026-01-12,Beecher Hills Elementary,Atlanta Public Schools,2025-2026
300093,"Clark, Grant",3,B,Priya Shah,Mar-9 GA Extended Writing Task - Athletic Ability,General,3,3,2,8,Advanced,Submitted,Advanced (7-8),700279,Spring,Argumentative,2026-03-09,Beecher Hills Elementary,Atlanta Public Schools,2025-2026
300094,"Flores, Hayzel",3,A,Dana Whitfield,Oct-4 Fall Baseline - My Favorite Place,IEP,0,0,1,1,Beginning,Submitted,Beginning (0-2),700280,Fall,Narrative,2025-10-04,Beecher Hills Elementary,Atlanta Public Schools,2025-2026
300094,"Flores, Hayzel",3,A,Dana Whitfield,Jan-12 Winter Benchmark - Community Heroes,IEP,,,,,Not Scored,Pending Review,Not Scored,700281,Winter,Informational,2026-01-12,Beecher Hills Elementary,Atlanta Public Schools,2025-2026
300094,"Flores, Hayzel",3,A,Dana Whitfield,Mar-9 GA Extended Writing Task - Athletic Ability,IEP,2,2,1,5,Proficient,Submitted,Proficient (5-6),700282,Spring,Argumentative,2026-03-09,Beecher Hills Elementary,Atlanta Public Schools,2025-2026
300095,"Lyles, Olivia",4,B,Bretiya Wallace,Oct-4 Fall Baseline - My Favorite Place,General,2,1,1,4,Developing,Submitted,Developing (3-4),700283,Fall,Narrative,2025-10-04,Beecher Hills Elementary,Atlanta Public Schools,2025-2026
300095,"Lyles, Olivia",4,B,Bretiya Wallace,Jan-12 Winter Benchmark - Community Heroes,General,3,0,2,5,Proficient,Submitted,Proficient (5-6),700284,Winter,Informational,2026-01-12,Beecher Hills Elementary,Atlanta Public Schools,2025-2026
300095,"Lyles, Olivia",4,B,Bretiya Wallace,Mar-9 GA Extended Writing Task - Athletic Ability,General,1,3,1,5,Proficient,Submitted,Proficient (5-6),700285,Spring,Argumentative,2026-03-09,Beecher Hills Elementary,Atlanta Public Schools,2025-2026
300096,"Nakamura, Anaya",5,D,Michael Scott,Oct-4 Fall Baseline - My Favorite Place,General,0,1,0,1,Beginning,Submitted,Beginning (0-2),700286,Fall,Narrative,2025-10-04,Beecher Hills Elementary,Atlanta Public Schools,2025-2026
300096,"Nakamura, Anaya",5,D,Michael Scott,Jan-12 Winter Benchmark - Community Heroes,General,0,1,0,1,Beginning,Submitted,Beginning (0-2),700287,Winter,Informational,2026-01-12,Beecher Hills Elementary,Atlanta Public Schools,2025-2026
300096,"Nakamura, Anaya",5,D,Michael Scott,Mar-9 GA Extended Writing Task - Athletic Ability,General,1,1,1,3,Developing,Submitted,Developing (3-4),700288,Spring,Argumentative,2026-03-09,Beecher Hills Elementary,Atlanta Public Schools,2025-2026
300097,"Gibson, Evan",5,C,Jennifer Thomas,Oct-4 Fall Baseline - My Favorite Place,General,2,0,2,4,Developing,Submitted,Developing (3-4),700289,Fall,Narrative,2025-10-04,Beecher Hills Elementary,Atlanta Public Schools,2025-2026
300097,"Gibson, Evan",5,C,Jennifer Thomas,Jan-12 Winter Benchmark - Community Heroes,General,1,1,1,3,Developing,Submitted,Developing (3-4),700290,Winter,Informational,2026-01-12,Beecher Hills Elementary,Atlanta Public Schools,2025-2026
300097,"Gibson, Evan",5,C,Jennifer Thomas,Mar-9 GA Extended Writing Task - Athletic Ability,General,1,2,2,5,Proficient,Submitted,Proficient (5-6),700291,Spring,Argumentative,2026-03-09,Beecher Hills Elementary,Atlanta Public Schools,2025-2026
300098,"Wallace, Caleb",4,B,Bretiya Wallace,Oct-4 Fall Baseline - My Favorite Place,General,0,0,1,1,Beginning,Submitted,Beginning (0-2),700292,Fall,Narrative,2025-10-04,Beecher Hills Elementary,Atlanta Public Schools,2025-2026
300098,"Wallace, Caleb",4,B,Bretiya Wallace,Jan-12 Winter Benchmark - Community Heroes,General,1,1,0,2,Beginning,Submitted,Beginning (0-2),700293,Winter,Informational,2026-01-12,Beecher Hills Elementary,Atlanta Public Schools,2025-2026
300098,"Wallace, Caleb",4,B,Bretiya Wallace,Mar-9 GA Extended Writing Task - Athletic Ability,General,2,1,1,4,Developing,Submitted,Developing (3-4),700294,Spring,Argumentative,2026-03-09,Beecher Hills Elementary,Atlanta Public Schools,2025-2026
300099,"Hayes, Amari",3,A,Dana Whitfield,Oct-4 Fall Baseline - My Favorite Place,General,2,1,0,3,Developing,Submitted,Developing (3-4),700295,Fall,Narrative,2025-10-04,Beecher Hills Elementary,Atlanta Public Schools,2025-2026
300099,"Hayes, Amari",3,A,Dana Whitfield,Jan-12 Winter Benchmark - Community Heroes,General,,,,,Not Scored,Pending Review,Not Scored,700296,Winter,Informational,2026-01-12,Beecher Hills Elementary,Atlanta Public Schools,2025-2026
300099,"Hayes, Amari",3,A,Dana Whitfield,Mar-9 GA Extended Writing Task - Athletic Ability,General,3,2,1,6,Proficient,Submitted,Proficient (5-6),700297,Spring,Argumentative,2026-03-09,Beecher Hills Elementary,Atlanta Public Schools,2025-2026
300100,"Mitchell, Leah",3,A,Dana Whitfield,Oct-4 Fall Baseline - My Favorite Place,General,1,1,1,3,Developing,Submitted,Developing (3-4),700298,Fall,Narrative,2025-10-04,Beecher Hills Elementary,Atlanta Public Schools,2025-2026
300100,"Mitchell, Leah",3,A,Dana Whitfield,Jan-12 Winter Benchmark - Community Heroes,General,2,2,2,6,Proficient,Submitted,Proficient (5-6),700299,Winter,Informational,2026-01-12,Beecher Hills Elementary,Atlanta Public Schools,2025-2026
300100,"Mitchell, Leah",3,A,Dana Whitfield,Mar-9 GA Extended Writing Task - Athletic Ability,General,3,3,2,8,Advanced,Submitted,Advanced (7-8),700300,Spring,Argumentative,2026-03-09,Beecher Hills Elementary,Atlanta Public Schools,2025-2026
300101,"Bland, Hailey",3,A,Dana Whitfield,Oct-4 Fall Baseline - My Favorite Place,504 Plan,1,2,0,3,Developing,Submitted,Developing (3-4),700301,Fall,Narrative,2025-10-04,Beecher Hills Elementary,Atlanta Public Schools,2025-2026
300101,"Bland, Hailey",3,A,Dana Whitfield,Jan-12 Winter Benchmark - Community Heroes,504 Plan,2,2,1,5,Proficient,Submitted,Proficient (5-6),700302,Winter,Informational,2026-01-12,Beecher Hills Elementary,Atlanta Public Schools,2025-2026
300101,"Bland, Hailey",3,A,Dana Whitfield,Mar-9 GA Extended Writing Task - Athletic Ability,504 Plan,3,3,2,8,Advanced,Submitted,Advanced (7-8),700303,Spring,Argumentative,2026-03-09,Beecher Hills Elementary,Atlanta Public Schools,2025-2026
300102,"Ellison, Ava",3,A,Dana Whitfield,Oct-4 Fall Baseline - My Favorite Place,General,0,1,1,2,Beginning,Submitted,Beginning (0-2),700304,Fall,Narrative,2025-10-04,Beecher Hills Elementary,Atlanta Public Schools,2025-2026
300102,"Ellison, Ava",3,A,Dana Whitfield,Jan-12 Winter Benchmark - Community Heroes,General,2,0,1,3,Developing,Submitted,Developing (3-4),700305,Winter,Informational,2026-01-12,Beecher Hills Elementary,Atlanta Public Schools,2025-2026
300102,"Ellison, Ava",3,A,Dana Whitfield,Mar-9 GA Extended Writing Task - Athletic Ability,General,2,1,1,4,Developing,Submitted,Developing (3-4),700306,Spring,Argumentative,2026-03-09,Beecher Hills Elementary,Atlanta Public Schools,2025-2026
300103,"King, Adanya",5,D,Michael Scott,Oct-4 Fall Baseline - My Favorite Place,English Learner,1,2,1,4,Developing,Submitted,Developing (3-4),700307,Fall,Narrative,2025-10-04,Beecher Hills Elementary,Atlanta Public Schools,2025-2026
300103,"King, Adanya",5,D,Michael Scott,Jan-12 Winter Benchmark - Community Heroes,English Learner,3,1,2,6,Proficient,Submitted,Proficient (5-6),700308,Winter,Informational,2026-01-12,Beecher Hills Elementary,Atlanta Public Schools,2025-2026
300103,"King, Adanya",5,D,Michael Scott,Mar-9 GA Extended Writing Task - Athletic Ability,English Learner,2,1,2,5,Proficient,Submitted,Proficient (5-6),700309,Spring,Argumentative,2026-03-09,Beecher Hills Elementary,Atlanta Public Schools,2025-2026
300104,"Little, Jonah",5,A,David Brown,Oct-4 Fall Baseline - My Favorite Place,General,2,2,2,6,Proficient,Submitted,Proficient (5-6),700310,Fall,Narrative,2025-10-04,Beecher Hills Elementary,Atlanta Public Schools,2025-2026
300104,"Little, Jonah",5,A,David Brown,Jan-12 Winter Benchmark - Community Heroes,General,2,3,1,6,Proficient,Submitted,Proficient (5-6),700311,Winter,Informational,2026-01-12,Beecher Hills Elementary,Atlanta Public Schools,2025-2026
300104,"Little, Jonah",5,A,David Brown,Mar-9 GA Extended Writing Task - Athletic Ability,General,2,3,2,7,Advanced,Submitted,Advanced (7-8),700312,Spring,Argumentative,2026-03-09,Beecher Hills Elementary,Atlanta Public Schools,2025-2026
300105,"Patel, Avery",4,A,Jasmine Ramey,Oct-4 Fall Baseline - My Favorite Place,General,0,2,1,3,Developing,Submitted,Developing (3-4),700313,Fall,Narrative,2025-10-04,Beecher Hills Elementary,Atlanta Public Schools,2025-2026
300105,"Patel, Avery",4,A,Jasmine Ramey,Jan-12 Winter Benchmark - Community Heroes,General,1,1,2,4,Developing,Submitted,Developing (3-4),700314,Winter,Informational,2026-01-12,Beecher Hills Elementary,Atlanta Public Schools,2025-2026
300105,"Patel, Avery",4,A,Jasmine Ramey,Mar-9 GA Extended Writing Task - Athletic Ability,General,2,1,1,4,Developing,Submitted,Developing (3-4),700315,Spring,Argumentative,2026-03-09,Beecher Hills Elementary,Atlanta Public Schools,2025-2026
300106,"Barron, Darius",5,B,Lisa Martinez,Oct-4 Fall Baseline - My Favorite Place,504 Plan,2,0,0,2,Beginning,Submitted,Beginning (0-2),700316,Fall,Narrative,2025-10-04,Beecher Hills Elementary,Atlanta Public Schools,2025-2026
300106,"Barron, Darius",5,B,Lisa Martinez,Jan-12 Winter Benchmark - Community Heroes,504 Plan,1,0,1,2,Beginning,Submitted,Beginning (0-2),700317,Winter,Informational,2026-01-12,Beecher Hills Elementary,Atlanta Public Schools,2025-2026
300106,"Barron, Darius",5,B,Lisa Martinez,Mar-9 GA Extended Writing Task - Athletic Ability,504 Plan,2,2,0,4,Developing,Submitted,Developing (3-4),700318,Spring,Argumentative,2026-03-09,Beecher Hills Elementary,Atlanta Public Schools,2025-2026
300107,"Ellison, Mila",3,C,Marcus Lee,Oct-4 Fall Baseline - My Favorite Place,General,1,1,1,3,Developing,Submitted,Developing (3-4),700319,Fall,Narrative,2025-10-04,Beecher Hills Elementary,Atlanta Public Schools,2025-2026
300107,"Ellison, Mila",3,C,Marcus Lee,Jan-12 Winter Benchmark - Community Heroes,General,2,1,1,4,Developing,Submitted,Developing (3-4),700320,Winter,Informational,2026-01-12,Beecher Hills Elementary,Atlanta Public Schools,2025-2026
300107,"Ellison, Mila",3,C,Marcus Lee,Mar-9 GA Extended Writing Task - Athletic Ability,General,2,2,1,5,Proficient,Submitted,Proficient (5-6),700321,Spring,Argumentative,2026-03-09,Beecher Hills Elementary,Atlanta Public Schools,2025-2026
300108,"Dupree, Elijah",3,C,Marcus Lee,Oct-4 Fall Baseline - My Favorite Place,General,2,2,1,5,Proficient,Submitted,Proficient (5-6),700322,Fall,Narrative,2025-10-04,Beecher Hills Elementary,Atlanta Public Schools,2025-2026
300108,"Dupree, Elijah",3,C,Marcus Lee,Jan-12 Winter Benchmark - Community Heroes,General,2,1,2,5,Proficient,Submitted,Proficient (5-6),700323,Winter,Informational,2026-01-12,Beecher Hills Elementary,Atlanta Public Schools,2025-2026
300108,"Dupree, Elijah",3,C,Marcus Lee,Mar-9 GA Extended Writing Task - Athletic Ability,General,3,3,2,8,Advanced,Submitted,Advanced (7-8),700324,Spring,Argumentative,2026-03-09,Beecher Hills Elementary,Atlanta Public Schools,2025-2026
300109,"Jones, Avery",3,A,Dana Whitfield,Oct-4 Fall Baseline - My Favorite Place,General,1,2,0,3,Developing,Submitted,Developing (3-4),700325,Fall,Narrative,2025-10-04,Beecher Hills Elementary,Atlanta Public Schools,2025-2026
300109,"Jones, Avery",3,A,Dana Whitfield,Jan-12 Winter Benchmark - Community Heroes,General,2,2,1,5,Proficient,Submitted,Proficient (5-6),700326,Winter,Informational,2026-01-12,Beecher Hills Elementary,Atlanta Public Schools,2025-2026
300109,"Jones, Avery",3,A,Dana Whitfield,Mar-9 GA Extended Writing Task - Athletic Ability,General,2,2,1,5,Proficient,Submitted,Proficient (5-6),700327,Spring,Argumentative,2026-03-09,Beecher Hills Elementary,Atlanta Public Schools,2025-2026
300110,"Cofield, Adrian",3,C,Marcus Lee,Oct-4 Fall Baseline - My Favorite Place,General,1,1,1,3,Developing,Submitted,Developing (3-4),700328,Fall,Narrative,2025-10-04,Beecher Hills Elementary,Atlanta Public Schools,2025-2026
300110,"Cofield, Adrian",3,C,Marcus Lee,Jan-12 Winter Benchmark - Community Heroes,General,2,1,1,4,Developing,Submitted,Developing (3-4),700329,Winter,Informational,2026-01-12,Beecher Hills Elementary,Atlanta Public Schools,2025-2026
300110,"Cofield, Adrian",3,C,Marcus Lee,Mar-9 GA Extended Writing Task - Athletic Ability,General,1,2,1,4,Developing,Submitted,Developing (3-4),700330,Spring,Argumentative,2026-03-09,Beecher Hills Elementary,Atlanta Public Schools,2025-2026
300111,"Villafana, Imani",5,B,Lisa Martinez,Oct-4 Fall Baseline - My Favorite Place,504 Plan,2,1,1,4,Developing,Submitted,Developing (3-4),700331,Fall,Narrative,2025-10-04,Beecher Hills Elementary,Atlanta Public Schools,2025-2026
300111,"Villafana, Imani",5,B,Lisa Martinez,Jan-12 Winter Benchmark - Community Heroes,504 Plan,2,2,1,5,Proficient,Submitted,Proficient (5-6),700332,Winter,Informational,2026-01-12,Beecher Hills Elementary,Atlanta Public Schools,2025-2026
300111,"Villafana, Imani",5,B,Lisa Martinez,Mar-9 GA Extended Writing Task - Athletic Ability,504 Plan,2,2,1,5,Proficient,Submitted,Proficient (5-6),700333,Spring,Argumentative,2026-03-09,Beecher Hills Elementary,Atlanta Public Schools,2025-2026
300112,"Wallace, Ken",3,C,Marcus Lee,Oct-4 Fall Baseline - My Favorite Place,English Learner,0,0,0,0,Beginning,Submitted,Beginning (0-2),700334,Fall,Narrative,2025-10-04,Beecher Hills Elementary,Atlanta Public Schools,2025-2026
300112,"Wallace, Ken",3,C,Marcus Lee,Jan-12 Winter Benchmark - Community Heroes,English Learner,0,2,1,3,Developing,Submitted,Developing (3-4),700335,Winter,Informational,2026-01-12,Beecher Hills Elementary,Atlanta Public Schools,2025-2026
300112,"Wallace, Ken",3,C,Marcus Lee,Mar-9 GA Extended Writing Task - Athletic Ability,English Learner,0,1,1,2,Beginning,Submitted,Beginning (0-2),700336,Spring,Argumentative,2026-03-09,Beecher Hills Elementary,Atlanta Public Schools,2025-2026
300113,"Davis, Luna",3,C,Marcus Lee,Oct-4 Fall Baseline - My Favorite Place,General,2,3,1,6,Proficient,Submitted,Proficient (5-6),700337,Fall,Narrative,2025-10-04,Beecher Hills Elementary,Atlanta Public Schools,2025-2026
300113,"Davis, Luna",3,C,Marcus Lee,Jan-12 Winter Benchmark - Community Heroes,General,3,3,1,7,Advanced,Submitted,Advanced (7-8),700338,Winter,Informational,2026-01-12,Beecher Hills Elementary,Atlanta Public Schools,2025-2026
300113,"Davis, Luna",3,C,Marcus Lee,Mar-9 GA Extended Writing Task - Athletic Ability,General,3,3,1,7,Advanced,Submitted,Advanced (7-8),700339,Spring,Argumentative,2026-03-09,Beecher Hills Elementary,Atlanta Public Schools,2025-2026
300114,"Harris, Olivia",3,C,Marcus Lee,Oct-4 Fall Baseline - My Favorite Place,General,3,1,0,4,Developing,Submitted,Developing (3-4),700340,Fall,Narrative,2025-10-04,Beecher Hills Elementary,Atlanta Public Schools,2025-2026
300114,"Harris, Olivia",3,C,Marcus Lee,Jan-12 Winter Benchmark - Community Heroes,General,3,2,1,6,Proficient,Submitted,Proficient (5-6),700341,Winter,Informational,2026-01-12,Beecher Hills Elementary,Atlanta Public Schools,2025-2026
300114,"Harris, Olivia",3,C,Marcus Lee,Mar-9 GA Extended Writing Task - Athletic Ability,General,3,3,2,8,Advanced,Submitted,Advanced (7-8),700342,Spring,Argumentative,2026-03-09,Beecher Hills Elementary,Atlanta Public Schools,2025-2026
300115,"Lee, Hailey",4,C,Emily Carter,Oct-4 Fall Baseline - My Favorite Place,General,2,2,1,5,Proficient,Submitted,Proficient (5-6),700343,Fall,Narrative,2025-10-04,Beecher Hills Elementary,Atlanta Public Schools,2025-2026
300115,"Lee, Hailey",4,C,Emily Carter,Jan-12 Winter Benchmark - Community Heroes,General,2,1,1,4,Developing,Submitted,Developing (3-4),700344,Winter,Informational,2026-01-12,Beecher Hills Elementary,Atlanta Public Schools,2025-2026
300115,"Lee, Hailey",4,C,Emily Carter,Mar-9 GA Extended Writing Task - Athletic Ability,General,3,1,1,5,Proficient,Submitted,Proficient (5-6),700345,Spring,Argumentative,2026-03-09,Beecher Hills Elementary,Atlanta Public Schools,2025-2026
300116,"King, Braydon",4,C,Emily Carter,Oct-4 Fall Baseline - My Favorite Place,General,1,1,1,3,Developing,Submitted,Developing (3-4),700346,Fall,Narrative,2025-10-04,Beecher Hills Elementary,Atlanta Public Schools,2025-2026
300116,"King, Braydon",4,C,Emily Carter,Jan-12 Winter Benchmark - Community Heroes,General,3,2,1,6,Proficient,Submitted,Proficient (5-6),700347,Winter,Informational,2026-01-12,Beecher Hills Elementary,Atlanta Public Schools,2025-2026
300116,"King, Braydon",4,C,Emily Carter,Mar-9 GA Extended Writing Task - Athletic Ability,General,2,2,1,5,Proficient,Submitted,Proficient (5-6),700348,Spring,Argumentative,2026-03-09,Beecher Hills Elementary,Atlanta Public Schools,2025-2026
300117,"Lovett, Braydon",3,C,Marcus Lee,Oct-4 Fall Baseline - My Favorite Place,Gifted,3,2,2,7,Advanced,Submitted,Advanced (7-8),700349,Fall,Narrative,2025-10-04,Beecher Hills Elementary,Atlanta Public Schools,2025-2026
300117,"Lovett, Braydon",3,C,Marcus Lee,Jan-12 Winter Benchmark - Community Heroes,Gifted,2,3,2,7,Advanced,Submitted,Advanced (7-8),700350,Winter,Informational,2026-01-12,Beecher Hills Elementary,Atlanta Public Schools,2025-2026
300117,"Lovett, Braydon",3,C,Marcus Lee,Mar-9 GA Extended Writing Task - Athletic Ability,Gifted,3,3,2,8,Advanced,Submitted,Advanced (7-8),700351,Spring,Argumentative,2026-03-09,Beecher Hills Elementary,Atlanta Public Schools,2025-2026
300118,"Gilstrap, Aaron",5,D,Michael Scott,Oct-4 Fall Baseline - My Favorite Place,General,1,1,1,3,Developing,Submitted,Developing (3-4),700352,Fall,Narrative,2025-10-04,Beecher Hills Elementary,Atlanta Public Schools,2025-2026
300118,"Gilstrap, Aaron",5,D,Michael Scott,Jan-12 Winter Benchmark - Community Heroes,General,3,2,1,6,Proficient,Submitted,Proficient (5-6),700353,Winter,Informational,2026-01-12,Beecher Hills Elementary,Atlanta Public Schools,2025-2026
300118,"Gilstrap, Aaron",5,D,Michael Scott,Mar-9 GA Extended Writing Task - Athletic Ability,General,2,2,1,5,Proficient,Submitted,Proficient (5-6),700354,Spring,Argumentative,2026-03-09,Beecher Hills Elementary,Atlanta Public Schools,2025-2026
300119,"Boateng, Drew",5,B,Lisa Martinez,Oct-4 Fall Baseline - My Favorite Place,General,1,2,1,4,Developing,Submitted,Developing (3-4),700355,Fall,Narrative,2025-10-04,Beecher Hills Elementary,Atlanta Public Schools,2025-2026
300119,"Boateng, Drew",5,B,Lisa Martinez,Jan-12 Winter Benchmark - Community Heroes,General,2,2,2,6,Proficient,Submitted,Proficient (5-6),700356,Winter,Informational,2026-01-12,Beecher Hills Elementary,Atlanta Public Schools,2025-2026
300119,"Boateng, Drew",5,B,Lisa Martinez,Mar-9 GA Extended Writing Task - Athletic Ability,General,2,2,2,6,Proficient,Submitted,Proficient (5-6),700357,Spring,Argumentative,2026-03-09,Beecher Hills Elementary,Atlanta Public Schools,2025-2026
300120,"Ortiz, Cruz",5,C,Jennifer Thomas,Oct-4 Fall Baseline - My Favorite Place,General,2,2,2,6,Proficient,Submitted,Proficient (5-6),700358,Fall,Narrative,2025-10-04,Beecher Hills Elementary,Atlanta Public Schools,2025-2026
300120,"Ortiz, Cruz",5,C,Jennifer Thomas,Jan-12 Winter Benchmark - Community Heroes,General,1,2,1,4,Developing,Submitted,Developing (3-4),700359,Winter,Informational,2026-01-12,Beecher Hills Elementary,Atlanta Public Schools,2025-2026
300120,"Ortiz, Cruz",5,C,Jennifer Thomas,Mar-9 GA Extended Writing Task - Athletic Ability,General,2,3,2,7,Advanced,Submitted,Advanced (7-8),700360,Spring,Argumentative,2026-03-09,Beecher Hills Elementary,Atlanta Public Schools,2025-2026
300121,"Shah, Camila",3,B,Priya Shah,Oct-4 Fall Baseline - My Favorite Place,General,1,1,0,2,Beginning,Submitted,Beginning (0-2),700361,Fall,Narrative,2025-10-04,Beecher Hills Elementary,Atlanta Public Schools,2025-2026
300121,"Shah, Camila",3,B,Priya Shah,Jan-12 Winter Benchmark - Community Heroes,General,2,1,1,4,Developing,Submitted,Developing (3-4),700362,Winter,Informational,2026-01-12,Beecher Hills Elementary,Atlanta Public Schools,2025-2026
300121,"Shah, Camila",3,B,Priya Shah,Mar-9 GA Extended Writing Task - Athletic Ability,General,3,2,1,6,Proficient,Submitted,Proficient (5-6),700363,Spring,Argumentative,2026-03-09,Beecher Hills Elementary,Atlanta Public Schools,2025-2026
300122,"King, Dana",5,A,David Brown,Oct-4 Fall Baseline - My Favorite Place,Intervention,1,1,0,2,Beginning,Submitted,Beginning (0-2),700364,Fall,Narrative,2025-10-04,Beecher Hills Elementary,Atlanta Public Schools,2025-2026
300122,"King, Dana",5,A,David Brown,Jan-12 Winter Benchmark - Community Heroes,Intervention,2,0,1,3,Developing,Submitted,Developing (3-4),700365,Winter,Informational,2026-01-12,Beecher Hills Elementary,Atlanta Public Schools,2025-2026
300122,"King, Dana",5,A,David Brown,Mar-9 GA Extended Writing Task - Athletic Ability,Intervention,1,1,1,3,Developing,Submitted,Developing (3-4),700366,Spring,Argumentative,2026-03-09,Beecher Hills Elementary,Atlanta Public Schools,2025-2026
300123,"Boateng, Camila",5,A,David Brown,Oct-4 Fall Baseline - My Favorite Place,English Learner,1,0,0,1,Beginning,Submitted,Beginning (0-2),700367,Fall,Narrative,2025-10-04,Beecher Hills Elementary,Atlanta Public Schools,2025-2026
300123,"Boateng, Camila",5,A,David Brown,Jan-12 Winter Benchmark - Community Heroes,English Learner,2,1,0,3,Developing,Submitted,Developing (3-4),700368,Winter,Informational,2026-01-12,Beecher Hills Elementary,Atlanta Public Schools,2025-2026
300123,"Boateng, Camila",5,A,David Brown,Mar-9 GA Extended Writing Task - Athletic Ability,English Learner,2,2,1,5,Proficient,Submitted,Proficient (5-6),700369,Spring,Argumentative,2026-03-09,Beecher Hills Elementary,Atlanta Public Schools,2025-2026
300124,"Carter, Noah",5,B,Lisa Martinez,Oct-4 Fall Baseline - My Favorite Place,General,,,,,Not Scored,Not Submitted,Not Scored,700370,Fall,Narrative,2025-10-04,Beecher Hills Elementary,Atlanta Public Schools,2025-2026
300124,"Carter, Noah",5,B,Lisa Martinez,Jan-12 Winter Benchmark - Community Heroes,General,,,,,Not Scored,Not Submitted,Not Scored,700371,Winter,Informational,2026-01-12,Beecher Hills Elementary,Atlanta Public Schools,2025-2026
300124,"Carter, Noah",5,B,Lisa Martinez,Mar-9 GA Extended Writing Task - Athletic Ability,General,2,3,2,7,Advanced,Submitted,Advanced (7-8),700372,Spring,Argumentative,2026-03-09,Beecher Hills Elementary,Atlanta Public Schools,2025-2026
300125,"Tolbert, Chase",4,A,Jasmine Ramey,Oct-4 Fall Baseline - My Favorite Place,English Learner,1,0,1,2,Beginning,Submitted,Beginning (0-2),700373,Fall,Narrative,2025-10-04,Beecher Hills Elementary,Atlanta Public Schools,2025-2026
300125,"Tolbert, Chase",4,A,Jasmine Ramey,Jan-12 Winter Benchmark - Community Heroes,English Learner,1,1,1,3,Developing,Submitted,Developing (3-4),700374,Winter,Informational,2026-01-12,Beecher Hills Elementary,Atlanta Public Schools,2025-2026
300125,"Tolbert, Chase",4,A,Jasmine Ramey,Mar-9 GA Extended Writing Task - Athletic Ability,English Learner,1,2,1,4,Developing,Submitted,Developing (3-4),700375,Spring,Argumentative,2026-03-09,Beecher Hills Elementary,Atlanta Public Schools,2025-2026
300126,"King, Omar",3,C,Marcus Lee,Oct-4 Fall Baseline - My Favorite Place,Gifted,1,1,1,3,Developing,Submitted,Developing (3-4),700376,Fall,Narrative,2025-10-04,Beecher Hills Elementary,Atlanta Public Schools,2025-2026
300126,"King, Omar",3,C,Marcus Lee,Jan-12 Winter Benchmark - Community Heroes,Gifted,,,,,Not Scored,Pending Review,Not Scored,700377,Winter,Informational,2026-01-12,Beecher Hills Elementary,Atlanta Public Schools,2025-2026
300126,"King, Omar",3,C,Marcus Lee,Mar-9 GA Extended Writing Task - Athletic Ability,Gifted,1,3,2,6,Proficient,Submitted,Proficient (5-6),700378,Spring,Argumentative,2026-03-09,Beecher Hills Elementary,Atlanta Public Schools,2025-2026
300127,"Small, Nasir",4,A,Jasmine Ramey,Oct-4 Fall Baseline - My Favorite Place,Intervention,0,0,0,0,Beginning,Submitted,Beginning (0-2),700379,Fall,Narrative,2025-10-04,Beecher Hills Elementary,Atlanta Public Schools,2025-2026
300127,"Small, Nasir",4,A,Jasmine Ramey,Jan-12 Winter Benchmark - Community Heroes,Intervention,1,1,1,3,Developing,Submitted,Developing (3-4),700380,Winter,Informational,2026-01-12,Beecher Hills Elementary,Atlanta Public Schools,2025-2026
300127,"Small, Nasir",4,A,Jasmine Ramey,Mar-9 GA Extended Writing Task - Athletic Ability,Intervention,2,3,1,6,Proficient,Submitted,Proficient (5-6),700381,Spring,Argumentative,2026-03-09,Beecher Hills Elementary,Atlanta Public Schools,2025-2026
300128,"Flores, Olivia",4,A,Jasmine Ramey,Oct-4 Fall Baseline - My Favorite Place,General,1,2,1,4,Developing,Submitted,Developing (3-4),700382,Fall,Narrative,2025-10-04,Beecher Hills Elementary,Atlanta Public Schools,2025-2026
300128,"Flores, Olivia",4,A,Jasmine Ramey,Jan-12 Winter Benchmark - Community Heroes,General,,,,,Not Scored,Pending Review,Not Scored,700383,Winter,Informational,2026-01-12,Beecher Hills Elementary,Atlanta Public Schools,2025-2026
300128,"Flores, Olivia",4,A,Jasmine Ramey,Mar-9 GA Extended Writing Task - Athletic Ability,General,3,3,2,8,Advanced,Submitted,Advanced (7-8),700384,Spring,Argumentative,2026-03-09,Beecher Hills Elementary,Atlanta Public Schools,2025-2026
300129,"Sandoval, Jackson",5,A,David Brown,Oct-4 Fall Baseline - My Favorite Place,General,1,1,0,2,Beginning,Submitted,Beginning (0-2),700385,Fall,Narrative,2025-10-04,Beecher Hills Elementary,Atlanta Public Schools,2025-2026
300129,"Sandoval, Jackson",5,A,David Brown,Jan-12 Winter Benchmark - Community Heroes,General,2,1,2,5,Proficient,Submitted,Proficient (5-6),700386,Winter,Informational,2026-01-12,Beecher Hills Elementary,Atlanta Public Schools,2025-2026
300129,"Sandoval, Jackson",5,A,David Brown,Mar-9 GA Extended Writing Task - Athletic Ability,General,3,2,2,7,Advanced,Submitted,Advanced (7-8),700387,Spring,Argumentative,2026-03-09,Beecher Hills Elementary,Atlanta Public Schools,2025-2026
300130,"Ortiz, Jaleah",4,A,Jasmine Ramey,Oct-4 Fall Baseline - My Favorite Place,English Learner,1,0,0,1,Beginning,Submitted,Beginning (0-2),700388,Fall,Narrative,2025-10-04,Beecher Hills Elementary,Atlanta Public Schools,2025-2026
300130,"Ortiz, Jaleah",4,A,Jasmine Ramey,Jan-12 Winter Benchmark - Community Heroes,English Learner,,,,,Not Scored,Pending Review,Not Scored,700389,Winter,Informational,2026-01-12,Beecher Hills Elementary,Atlanta Public Schools,2025-2026
300130,"Ortiz, Jaleah",4,A,Jasmine Ramey,Mar-9 GA Extended Writing Task - Athletic Ability,English Learner,3,2,2,7,Advanced,Submitted,Advanced (7-8),700390,Spring,Argumentative,2026-03-09,Beecher Hills Elementary,Atlanta Public Schools,2025-2026
300131,"Stanley, Connor",4,C,Emily Carter,Oct-4 Fall Baseline - My Favorite Place,General,2,1,1,4,Developing,Submitted,Developing (3-4),700391,Fall,Narrative,2025-10-04,Beecher Hills Elementary,Atlanta Public Schools,2025-2026
300131,"Stanley, Connor",4,C,Emily Carter,Jan-12 Winter Benchmark - Community Heroes,General,1,2,1,4,Developing,Submitted,Developing (3-4),700392,Winter,Informational,2026-01-12,Beecher Hills Elementary,Atlanta Public Schools,2025-2026
300131,"Stanley, Connor",4,C,Emily Carter,Mar-9 GA Extended Writing Task - Athletic Ability,General,3,2,2,7,Advanced,Submitted,Advanced (7-8),700393,Spring,Argumentative,2026-03-09,Beecher Hills Elementary,Atlanta Public Schools,2025-2026
300132,"Henderson, Jordan",3,B,Priya Shah,Oct-4 Fall Baseline - My Favorite Place,General,1,2,0,3,Developing,Submitted,Developing (3-4),700394,Fall,Narrative,2025-10-04,Beecher Hills Elementary,Atlanta Public Schools,2025-2026
300132,"Henderson, Jordan",3,B,Priya Shah,Jan-12 Winter Benchmark - Community Heroes,General,3,2,1,6,Proficient,Submitted,Proficient (5-6),700395,Winter,Informational,2026-01-12,Beecher Hills Elementary,Atlanta Public Schools,2025-2026
300132,"Henderson, Jordan",3,B,Priya Shah,Mar-9 GA Extended Writing Task - Athletic Ability,General,3,2,1,6,Proficient,Submitted,Proficient (5-6),700396,Spring,Argumentative,2026-03-09,Beecher Hills Elementary,Atlanta Public Schools,2025-2026
300133,"Henderson, Darius",5,B,Lisa Martinez,Oct-4 Fall Baseline - My Favorite Place,General,0,1,0,1,Beginning,Submitted,Beginning (0-2),700397,Fall,Narrative,2025-10-04,Beecher Hills Elementary,Atlanta Public Schools,2025-2026
300133,"Henderson, Darius",5,B,Lisa Martinez,Jan-12 Winter Benchmark - Community Heroes,General,3,1,1,5,Proficient,Submitted,Proficient (5-6),700398,Winter,Informational,2026-01-12,Beecher Hills Elementary,Atlanta Public Schools,2025-2026
300133,"Henderson, Darius",5,B,Lisa Martinez,Mar-9 GA Extended Writing Task - Athletic Ability,General,2,2,1,5,Proficient,Submitted,Proficient (5-6),700399,Spring,Argumentative,2026-03-09,Beecher Hills Elementary,Atlanta Public Schools,2025-2026
300134,"Brooks, Braydon",5,A,David Brown,Oct-4 Fall Baseline - My Favorite Place,General,1,1,0,2,Beginning,Submitted,Beginning (0-2),700400,Fall,Narrative,2025-10-04,Beecher Hills Elementary,Atlanta Public Schools,2025-2026
300134,"Brooks, Braydon",5,A,David Brown,Jan-12 Winter Benchmark - Community Heroes,General,2,1,0,3,Developing,Submitted,Developing (3-4),700401,Winter,Informational,2026-01-12,Beecher Hills Elementary,Atlanta Public Schools,2025-2026
300134,"Brooks, Braydon",5,A,David Brown,Mar-9 GA Extended Writing Task - Athletic Ability,General,2,2,1,5,Proficient,Submitted,Proficient (5-6),700402,Spring,Argumentative,2026-03-09,Beecher Hills Elementary,Atlanta Public Schools,2025-2026
300135,"Lee, Hayzel",3,B,Priya Shah,Oct-4 Fall Baseline - My Favorite Place,General,2,1,1,4,Developing,Submitted,Developing (3-4),700403,Fall,Narrative,2025-10-04,Beecher Hills Elementary,Atlanta Public Schools,2025-2026
300135,"Lee, Hayzel",3,B,Priya Shah,Jan-12 Winter Benchmark - Community Heroes,General,3,2,1,6,Proficient,Submitted,Proficient (5-6),700404,Winter,Informational,2026-01-12,Beecher Hills Elementary,Atlanta Public Schools,2025-2026
300135,"Lee, Hayzel",3,B,Priya Shah,Mar-9 GA Extended Writing Task - Athletic Ability,General,1,2,1,4,Developing,Submitted,Developing (3-4),700405,Spring,Argumentative,2026-03-09,Beecher Hills Elementary,Atlanta Public Schools,2025-2026
300136,"Burton, Dana",5,D,Michael Scott,Oct-4 Fall Baseline - My Favorite Place,General,1,0,1,2,Beginning,Submitted,Beginning (0-2),700406,Fall,Narrative,2025-10-04,Beecher Hills Elementary,Atlanta Public Schools,2025-2026
300136,"Burton, Dana",5,D,Michael Scott,Jan-12 Winter Benchmark - Community Heroes,General,2,1,0,3,Developing,Submitted,Developing (3-4),700407,Winter,Informational,2026-01-12,Beecher Hills Elementary,Atlanta Public Schools,2025-2026
300136,"Burton, Dana",5,D,Michael Scott,Mar-9 GA Extended Writing Task - Athletic Ability,General,2,1,1,4,Developing,Submitted,Developing (3-4),700408,Spring,Argumentative,2026-03-09,Beecher Hills Elementary,Atlanta Public Schools,2025-2026
300137,"Little, Ari",4,B,Bretiya Wallace,Oct-4 Fall Baseline - My Favorite Place,Gifted,1,1,1,3,Developing,Submitted,Developing (3-4),700409,Fall,Narrative,2025-10-04,Beecher Hills Elementary,Atlanta Public Schools,2025-2026
300137,"Little, Ari",4,B,Bretiya Wallace,Jan-12 Winter Benchmark - Community Heroes,Gifted,2,2,1,5,Proficient,Submitted,Proficient (5-6),700410,Winter,Informational,2026-01-12,Beecher Hills Elementary,Atlanta Public Schools,2025-2026
300137,"Little, Ari",4,B,Bretiya Wallace,Mar-9 GA Extended Writing Task - Athletic Ability,Gifted,3,3,2,8,Advanced,Submitted,Advanced (7-8),700411,Spring,Argumentative,2026-03-09,Beecher Hills Elementary,Atlanta Public Schools,2025-2026
300138,"Ellison, Zoey",4,B,Bretiya Wallace,Oct-4 Fall Baseline - My Favorite Place,IEP,,,,,Not Scored,Absent,Not Scored,700412,Fall,Narrative,2025-10-04,Beecher Hills Elementary,Atlanta Public Schools,2025-2026
300138,"Ellison, Zoey",4,B,Bretiya Wallace,Jan-12 Winter Benchmark - Community Heroes,IEP,0,2,1,3,Developing,Submitted,Developing (3-4),700413,Winter,Informational,2026-01-12,Beecher Hills Elementary,Atlanta Public Schools,2025-2026
300138,"Ellison, Zoey",4,B,Bretiya Wallace,Mar-9 GA Extended Writing Task - Athletic Ability,IEP,1,1,0,2,Beginning,Submitted,Beginning (0-2),700414,Spring,Argumentative,2026-03-09,Beecher Hills Elementary,Atlanta Public Schools,2025-2026
300139,"Green, Amara",3,C,Marcus Lee,Oct-4 Fall Baseline - My Favorite Place,Gifted,2,2,1,5,Proficient,Submitted,Proficient (5-6),700415,Fall,Narrative,2025-10-04,Beecher Hills Elementary,Atlanta Public Schools,2025-2026
300139,"Green, Amara",3,C,Marcus Lee,Jan-12 Winter Benchmark - Community Heroes,Gifted,2,1,1,4,Developing,Submitted,Developing (3-4),700416,Winter,Informational,2026-01-12,Beecher Hills Elementary,Atlanta Public Schools,2025-2026
300139,"Green, Amara",3,C,Marcus Lee,Mar-9 GA Extended Writing Task - Athletic Ability,Gifted,2,1,2,5,Proficient,Submitted,Proficient (5-6),700417,Spring,Argumentative,2026-03-09,Beecher Hills Elementary,Atlanta Public Schools,2025-2026
300140,"Nguyen, Anaya",4,C,Emily Carter,Oct-4 Fall Baseline - My Favorite Place,English Learner,2,0,1,3,Developing,Submitted,Developing (3-4),700418,Fall,Narrative,2025-10-04,Beecher Hills Elementary,Atlanta Public Schools,2025-2026
300140,"Nguyen, Anaya",4,C,Emily Carter,Jan-12 Winter Benchmark - Community Heroes,English Learner,1,0,1,2,Beginning,Submitted,Beginning (0-2),700419,Winter,Informational,2026-01-12,Beecher Hills Elementary,Atlanta Public Schools,2025-2026
300140,"Nguyen, Anaya",4,C,Emily Carter,Mar-9 GA Extended Writing Task - Athletic Ability,English Learner,1,2,1,4,Developing,Submitted,Developing (3-4),700420,Spring,Argumentative,2026-03-09,Beecher Hills Elementary,Atlanta Public Schools,2025-2026
300141,"Coleman, Caleb",3,C,Marcus Lee,Oct-4 Fall Baseline - My Favorite Place,IEP,1,2,1,4,Developing,Submitted,Developing (3-4),700421,Fall,Narrative,2025-10-04,Beecher Hills Elementary,Atlanta Public Schools,2025-2026
300141,"Coleman, Caleb",3,C,Marcus Lee,Jan-12 Winter Benchmark - Community Heroes,IEP,1,2,1,4,Developing,Submitted,Developing (3-4),700422,Winter,Informational,2026-01-12,Beecher Hills Elementary,Atlanta Public Schools,2025-2026
300141,"Coleman, Caleb",3,C,Marcus Lee,Mar-9 GA Extended Writing Task - Athletic Ability,IEP,1,2,1,4,Developing,Submitted,Developing (3-4),700423,Spring,Argumentative,2026-03-09,Beecher Hills Elementary,Atlanta Public Schools,2025-2026
300142,"Flores, Luna",5,C,Jennifer Thomas,Oct-4 Fall Baseline - My Favorite Place,IEP,1,0,0,1,Beginning,Submitted,Beginning (0-2),700424,Fall,Narrative,2025-10-04,Beecher Hills Elementary,Atlanta Public Schools,2025-2026
300142,"Flores, Luna",5,C,Jennifer Thomas,Jan-12 Winter Benchmark - Community Heroes,IEP,1,1,1,3,Developing,Submitted,Developing (3-4),700425,Winter,Informational,2026-01-12,Beecher Hills Elementary,Atlanta Public Schools,2025-2026
300142,"Flores, Luna",5,C,Jennifer Thomas,Mar-9 GA Extended Writing Task - Athletic Ability,IEP,2,1,1,4,Developing,Submitted,Developing (3-4),700426,Spring,Argumentative,2026-03-09,Beecher Hills Elementary,Atlanta Public Schools,2025-2026
300143,"Lee, Eli",4,A,Jasmine Ramey,Oct-4 Fall Baseline - My Favorite Place,General,1,1,1,3,Developing,Submitted,Developing (3-4),700427,Fall,Narrative,2025-10-04,Beecher Hills Elementary,Atlanta Public Schools,2025-2026
300143,"Lee, Eli",4,A,Jasmine Ramey,Jan-12 Winter Benchmark - Community Heroes,General,1,2,0,3,Developing,Submitted,Developing (3-4),700428,Winter,Informational,2026-01-12,Beecher Hills Elementary,Atlanta Public Schools,2025-2026
300143,"Lee, Eli",4,A,Jasmine Ramey,Mar-9 GA Extended Writing Task - Athletic Ability,General,2,1,2,5,Proficient,Submitted,Proficient (5-6),700429,Spring,Argumentative,2026-03-09,Beecher Hills Elementary,Atlanta Public Schools,2025-2026
300144,"Bland, Darius",5,C,Jennifer Thomas,Oct-4 Fall Baseline - My Favorite Place,General,1,1,1,3,Developing,Submitted,Developing (3-4),700430,Fall,Narrative,2025-10-04,Beecher Hills Elementary,Atlanta Public Schools,2025-2026
300144,"Bland, Darius",5,C,Jennifer Thomas,Jan-12 Winter Benchmark - Community Heroes,General,3,2,2,7,Advanced,Submitted,Advanced (7-8),700431,Winter,Informational,2026-01-12,Beecher Hills Elementary,Atlanta Public Schools,2025-2026
300144,"Bland, Darius",5,C,Jennifer Thomas,Mar-9 GA Extended Writing Task - Athletic Ability,General,3,2,1,6,Proficient,Submitted,Proficient (5-6),700432,Spring,Argumentative,2026-03-09,Beecher Hills Elementary,Atlanta Public Schools,2025-2026
300145,"Hayes, Aiden",4,A,Jasmine Ramey,Oct-4 Fall Baseline - My Favorite Place,504 Plan,1,2,1,4,Developing,Submitted,Developing (3-4),700433,Fall,Narrative,2025-10-04,Beecher Hills Elementary,Atlanta Public Schools,2025-2026
300145,"Hayes, Aiden",4,A,Jasmine Ramey,Jan-12 Winter Benchmark - Community Heroes,504 Plan,2,1,2,5,Proficient,Submitted,Proficient (5-6),700434,Winter,Informational,2026-01-12,Beecher Hills Elementary,Atlanta Public Schools,2025-2026
300145,"Hayes, Aiden",4,A,Jasmine Ramey,Mar-9 GA Extended Writing Task - Athletic Ability,504 Plan,3,3,1,7,Advanced,Submitted,Advanced (7-8),700435,Spring,Argumentative,2026-03-09,Beecher Hills Elementary,Atlanta Public Schools,2025-2026
300146,"Willis, Avery",4,B,Bretiya Wallace,Oct-4 Fall Baseline - My Favorite Place,504 Plan,2,1,0,3,Developing,Submitted,Developing (3-4),700436,Fall,Narrative,2025-10-04,Beecher Hills Elementary,Atlanta Public Schools,2025-2026
300146,"Willis, Avery",4,B,Bretiya Wallace,Jan-12 Winter Benchmark - Community Heroes,504 Plan,1,1,1,3,Developing,Submitted,Developing (3-4),700437,Winter,Informational,2026-01-12,Beecher Hills Elementary,Atlanta Public Schools,2025-2026
300146,"Willis, Avery",4,B,Bretiya Wallace,Mar-9 GA Extended Writing Task - Athletic Ability,504 Plan,2,2,1,5,Proficient,Submitted,Proficient (5-6),700438,Spring,Argumentative,2026-03-09,Beecher Hills Elementary,Atlanta Public Schools,2025-2026
300147,"Harris, Avery",3,C,Marcus Lee,Oct-4 Fall Baseline - My Favorite Place,Intervention,0,1,0,1,Beginning,Submitted,Beginning (0-2),700439,Fall,Narrative,2025-10-04,Beecher Hills Elementary,Atlanta Public Schools,2025-2026
300147,"Harris, Avery",3,C,Marcus Lee,Jan-12 Winter Benchmark - Community Heroes,Intervention,2,2,1,5,Proficient,Submitted,Proficient (5-6),700440,Winter,Informational,2026-01-12,Beecher Hills Elementary,Atlanta Public Schools,2025-2026
300147,"Harris, Avery",3,C,Marcus Lee,Mar-9 GA Extended Writing Task - Athletic Ability,Intervention,,,,,Not Scored,Absent,Not Scored,700441,Spring,Argumentative,2026-03-09,Beecher Hills Elementary,Atlanta Public Schools,2025-2026
300148,"Salabova, Leah",4,A,Jasmine Ramey,Oct-4 Fall Baseline - My Favorite Place,General,,,,,Not Scored,Pending Review,Not Scored,700442,Fall,Narrative,2025-10-04,Beecher Hills Elementary,Atlanta Public Schools,2025-2026
300148,"Salabova, Leah",4,A,Jasmine Ramey,Jan-12 Winter Benchmark - Community Heroes,General,3,1,2,6,Proficient,Submitted,Proficient (5-6),700443,Winter,Informational,2026-01-12,Beecher Hills Elementary,Atlanta Public Schools,2025-2026
300148,"Salabova, Leah",4,A,Jasmine Ramey,Mar-9 GA Extended Writing Task - Athletic Ability,General,2,2,2,6,Proficient,Submitted,Proficient (5-6),700444,Spring,Argumentative,2026-03-09,Beecher Hills Elementary,Atlanta Public Schools,2025-2026
300149,"Lyles, Evan",4,A,Jasmine Ramey,Oct-4 Fall Baseline - My Favorite Place,IEP,1,1,1,3,Developing,Submitted,Developing (3-4),700445,Fall,Narrative,2025-10-04,Beecher Hills Elementary,Atlanta Public Schools,2025-2026
300149,"Lyles, Evan",4,A,Jasmine Ramey,Jan-12 Winter Benchmark - Community Heroes,IEP,,,,,Not Scored,Pending Review,Not Scored,700446,Winter,Informational,2026-01-12,Beecher Hills Elementary,Atlanta Public Schools,2025-2026
300149,"Lyles, Evan",4,A,Jasmine Ramey,Mar-9 GA Extended Writing Task - Athletic Ability,IEP,2,2,1,5,Proficient,Submitted,Proficient (5-6),700447,Spring,Argumentative,2026-03-09,Beecher Hills Elementary,Atlanta Public Schools,2025-2026
300150,"Garcia, Jonah",5,D,Michael Scott,Oct-4 Fall Baseline - My Favorite Place,504 Plan,1,1,0,2,Beginning,Submitted,Beginning (0-2),700448,Fall,Narrative,2025-10-04,Beecher Hills Elementary,Atlanta Public Schools,2025-2026
300150,"Garcia, Jonah",5,D,Michael Scott,Jan-12 Winter Benchmark - Community Heroes,504 Plan,1,1,0,2,Beginning,Submitted,Beginning (0-2),700449,Winter,Informational,2026-01-12,Beecher Hills Elementary,Atlanta Public Schools,2025-2026
300150,"Garcia, Jonah",5,D,Michael Scott,Mar-9 GA Extended Writing Task - Athletic Ability,504 Plan,2,2,0,4,Developing,Submitted,Developing (3-4),700450,Spring,Argumentative,2026-03-09,Beecher Hills Elementary,Atlanta Public Schools,2025-2026
300151,"Barron, Trey",4,C,Emily Carter,Oct-4 Fall Baseline - My Favorite Place,General,,,,,Not Scored,Pending Review,Not Scored,700451,Fall,Narrative,2025-10-04,Beecher Hills Elementary,Atlanta Public Schools,2025-2026
300151,"Barron, Trey",4,C,Emily Carter,Jan-12 Winter Benchmark - Community Heroes,General,2,2,2,6,Proficient,Submitted,Proficient (5-6),700452,Winter,Informational,2026-01-12,Beecher Hills Elementary,Atlanta Public Schools,2025-2026
300151,"Barron, Trey",4,C,Emily Carter,Mar-9 GA Extended Writing Task - Athletic Ability,General,3,3,2,8,Advanced,Submitted,Advanced (7-8),700453,Spring,Argumentative,2026-03-09,Beecher Hills Elementary,Atlanta Public Schools,2025-2026
300152,"Kindell, Eli",3,C,Marcus Lee,Oct-4 Fall Baseline - My Favorite Place,General,2,1,2,5,Proficient,Submitted,Proficient (5-6),700454,Fall,Narrative,2025-10-04,Beecher Hills Elementary,Atlanta Public Schools,2025-2026
300152,"Kindell, Eli",3,C,Marcus Lee,Jan-12 Winter Benchmark - Community Heroes,General,2,2,1,5,Proficient,Submitted,Proficient (5-6),700455,Winter,Informational,2026-01-12,Beecher Hills Elementary,Atlanta Public Schools,2025-2026
300152,"Kindell, Eli",3,C,Marcus Lee,Mar-9 GA Extended Writing Task - Athletic Ability,General,2,2,1,5,Proficient,Submitted,Proficient (5-6),700456,Spring,Argumentative,2026-03-09,Beecher Hills Elementary,Atlanta Public Schools,2025-2026
300153,"Harris, Carter",4,B,Bretiya Wallace,Oct-4 Fall Baseline - My Favorite Place,IEP,1,2,1,4,Developing,Submitted,Developing (3-4),700457,Fall,Narrative,2025-10-04,Beecher Hills Elementary,Atlanta Public Schools,2025-2026
300153,"Harris, Carter",4,B,Bretiya Wallace,Jan-12 Winter Benchmark - Community Heroes,IEP,1,1,1,3,Developing,Submitted,Developing (3-4),700458,Winter,Informational,2026-01-12,Beecher Hills Elementary,Atlanta Public Schools,2025-2026
300153,"Harris, Carter",4,B,Bretiya Wallace,Mar-9 GA Extended Writing Task - Athletic Ability,IEP,3,2,1,6,Proficient,Submitted,Proficient (5-6),700459,Spring,Argumentative,2026-03-09,Beecher Hills Elementary,Atlanta Public Schools,2025-2026
300154,"Wallace, Noah",3,B,Priya Shah,Oct-4 Fall Baseline - My Favorite Place,Intervention,1,2,0,3,Developing,Submitted,Developing (3-4),700460,Fall,Narrative,2025-10-04,Beecher Hills Elementary,Atlanta Public Schools,2025-2026
300154,"Wallace, Noah",3,B,Priya Shah,Jan-12 Winter Benchmark - Community Heroes,Intervention,2,2,1,5,Proficient,Submitted,Proficient (5-6),700461,Winter,Informational,2026-01-12,Beecher Hills Elementary,Atlanta Public Schools,2025-2026
300154,"Wallace, Noah",3,B,Priya Shah,Mar-9 GA Extended Writing Task - Athletic Ability,Intervention,3,3,2,8,Advanced,Submitted,Advanced (7-8),700462,Spring,Argumentative,2026-03-09,Beecher Hills Elementary,Atlanta Public Schools,2025-2026
300155,"Rivera, Nasir",3,A,Dana Whitfield,Oct-4 Fall Baseline - My Favorite Place,Intervention,,,,,Not Scored,Not Submitted,Not Scored,700463,Fall,Narrative,2025-10-04,Beecher Hills Elementary,Atlanta Public Schools,2025-2026
300155,"Rivera, Nasir",3,A,Dana Whitfield,Jan-12 Winter Benchmark - Community Heroes,Intervention,1,0,1,2,Beginning,Submitted,Beginning (0-2),700464,Winter,Informational,2026-01-12,Beecher Hills Elementary,Atlanta Public Schools,2025-2026
300155,"Rivera, Nasir",3,A,Dana Whitfield,Mar-9 GA Extended Writing Task - Athletic Ability,Intervention,0,1,1,2,Beginning,Submitted,Beginning (0-2),700465,Spring,Argumentative,2026-03-09,Beecher Hills Elementary,Atlanta Public Schools,2025-2026
300156,"Stanley, Darius",5,C,Jennifer Thomas,Oct-4 Fall Baseline - My Favorite Place,General,1,1,0,2,Beginning,Submitted,Beginning (0-2),700466,Fall,Narrative,2025-10-04,Beecher Hills Elementary,Atlanta Public Schools,2025-2026
300156,"Stanley, Darius",5,C,Jennifer Thomas,Jan-12 Winter Benchmark - Community Heroes,General,1,0,0,1,Beginning,Submitted,Beginning (0-2),700467,Winter,Informational,2026-01-12,Beecher Hills Elementary,Atlanta Public Schools,2025-2026
300156,"Stanley, Darius",5,C,Jennifer Thomas,Mar-9 GA Extended Writing Task - Athletic Ability,General,2,2,1,5,Proficient,Submitted,Proficient (5-6),700468,Spring,Argumentative,2026-03-09,Beecher Hills Elementary,Atlanta Public Schools,2025-2026
300157,"Morrison, Chloe",5,A,David Brown,Oct-4 Fall Baseline - My Favorite Place,English Learner,0,1,0,1,Beginning,Submitted,Beginning (0-2),700469,Fall,Narrative,2025-10-04,Beecher Hills Elementary,Atlanta Public Schools,2025-2026
300157,"Morrison, Chloe",5,A,David Brown,Jan-12 Winter Benchmark - Community Heroes,English Learner,1,2,0,3,Developing,Submitted,Developing (3-4),700470,Winter,Informational,2026-01-12,Beecher Hills Elementary,Atlanta Public Schools,2025-2026
300157,"Morrison, Chloe",5,A,David Brown,Mar-9 GA Extended Writing Task - Athletic Ability,English Learner,1,2,1,4,Developing,Submitted,Developing (3-4),700471,Spring,Argumentative,2026-03-09,Beecher Hills Elementary,Atlanta Public Schools,2025-2026
300158,"Little, Zara",5,B,Lisa Martinez,Oct-4 Fall Baseline - My Favorite Place,IEP,1,2,1,4,Developing,Submitted,Developing (3-4),700472,Fall,Narrative,2025-10-04,Beecher Hills Elementary,Atlanta Public Schools,2025-2026
300158,"Little, Zara",5,B,Lisa Martinez,Jan-12 Winter Benchmark - Community Heroes,IEP,1,1,2,4,Developing,Submitted,Developing (3-4),700473,Winter,Informational,2026-01-12,Beecher Hills Elementary,Atlanta Public Schools,2025-2026
300158,"Little, Zara",5,B,Lisa Martinez,Mar-9 GA Extended Writing Task - Athletic Ability,IEP,2,1,1,4,Developing,Submitted,Developing (3-4),700474,Spring,Argumentative,2026-03-09,Beecher Hills Elementary,Atlanta Public Schools,2025-2026
300159,"Davis, Liam",3,A,Dana Whitfield,Oct-4 Fall Baseline - My Favorite Place,Gifted,3,2,1,6,Proficient,Submitted,Proficient (5-6),700475,Fall,Narrative,2025-10-04,Beecher Hills Elementary,Atlanta Public Schools,2025-2026
300159,"Davis, Liam",3,A,Dana Whitfield,Jan-12 Winter Benchmark - Community Heroes,Gifted,3,2,2,7,Advanced,Submitted,Advanced (7-8),700476,Winter,Informational,2026-01-12,Beecher Hills Elementary,Atlanta Public Schools,2025-2026
300159,"Davis, Liam",3,A,Dana Whitfield,Mar-9 GA Extended Writing Task - Athletic Ability,Gifted,2,2,2,6,Proficient,Submitted,Proficient (5-6),700477,Spring,Argumentative,2026-03-09,Beecher Hills Elementary,Atlanta Public Schools,2025-2026
300160,"Salabova, Caleb",3,C,Marcus Lee,Oct-4 Fall Baseline - My Favorite Place,General,1,1,1,3,Developing,Submitted,Developing (3-4),700478,Fall,Narrative,2025-10-04,Beecher Hills Elementary,Atlanta Public Schools,2025-2026
300160,"Salabova, Caleb",3,C,Marcus Lee,Jan-12 Winter Benchmark - Community Heroes,General,3,3,1,7,Advanced,Submitted,Advanced (7-8),700479,Winter,Informational,2026-01-12,Beecher Hills Elementary,Atlanta Public Schools,2025-2026
300160,"Salabova, Caleb",3,C,Marcus Lee,Mar-9 GA Extended Writing Task - Athletic Ability,General,2,1,1,4,Developing,Submitted,Developing (3-4),700480,Spring,Argumentative,2026-03-09,Beecher Hills Elementary,Atlanta Public Schools,2025-2026
300161,"Boateng, Nora",5,D,Michael Scott,Oct-4 Fall Baseline - My Favorite Place,General,2,1,1,4,Developing,Submitted,Developing (3-4),700481,Fall,Narrative,2025-10-04,Beecher Hills Elementary,Atlanta Public Schools,2025-2026
300161,"Boateng, Nora",5,D,Michael Scott,Jan-12 Winter Benchmark - Community Heroes,General,2,1,1,4,Developing,Submitted,Developing (3-4),700482,Winter,Informational,2026-01-12,Beecher Hills Elementary,Atlanta Public Schools,2025-2026
300161,"Boateng, Nora",5,D,Michael Scott,Mar-9 GA Extended Writing Task - Athletic Ability,General,3,2,2,7,Advanced,Submitted,Advanced (7-8),700483,Spring,Argumentative,2026-03-09,Beecher Hills Elementary,Atlanta Public Schools,2025-2026
300162,"Robinson, Liam",4,A,Jasmine Ramey,Oct-4 Fall Baseline - My Favorite Place,General,3,2,1,6,Proficient,Submitted,Proficient (5-6),700484,Fall,Narrative,2025-10-04,Beecher Hills Elementary,Atlanta Public Schools,2025-2026
300162,"Robinson, Liam",4,A,Jasmine Ramey,Jan-12 Winter Benchmark - Community Heroes,General,1,2,1,4,Developing,Submitted,Developing (3-4),700485,Winter,Informational,2026-01-12,Beecher Hills Elementary,Atlanta Public Schools,2025-2026
300162,"Robinson, Liam",4,A,Jasmine Ramey,Mar-9 GA Extended Writing Task - Athletic Ability,General,3,1,1,5,Proficient,Submitted,Proficient (5-6),700486,Spring,Argumentative,2026-03-09,Beecher Hills Elementary,Atlanta Public Schools,2025-2026
300163,"Miller, Iris",4,B,Bretiya Wallace,Oct-4 Fall Baseline - My Favorite Place,General,0,1,1,2,Beginning,Submitted,Beginning (0-2),700487,Fall,Narrative,2025-10-04,Beecher Hills Elementary,Atlanta Public Schools,2025-2026
300163,"Miller, Iris",4,B,Bretiya Wallace,Jan-12 Winter Benchmark - Community Heroes,General,2,0,1,3,Developing,Submitted,Developing (3-4),700488,Winter,Informational,2026-01-12,Beecher Hills Elementary,Atlanta Public Schools,2025-2026
300163,"Miller, Iris",4,B,Bretiya Wallace,Mar-9 GA Extended Writing Task - Athletic Ability,General,2,1,1,4,Developing,Submitted,Developing (3-4),700489,Spring,Argumentative,2026-03-09,Beecher Hills Elementary,Atlanta Public Schools,2025-2026
300164,"Portalatin, Aiyla",3,B,Priya Shah,Oct-4 Fall Baseline - My Favorite Place,Intervention,2,0,1,3,Developing,Submitted,Developing (3-4),700490,Fall,Narrative,2025-10-04,Beecher Hills Elementary,Atlanta Public Schools,2025-2026
300164,"Portalatin, Aiyla",3,B,Priya Shah,Jan-12 Winter Benchmark - Community Heroes,Intervention,2,2,1,5,Proficient,Submitted,Proficient (5-6),700491,Winter,Informational,2026-01-12,Beecher Hills Elementary,Atlanta Public Schools,2025-2026
300164,"Portalatin, Aiyla",3,B,Priya Shah,Mar-9 GA Extended Writing Task - Athletic Ability,Intervention,3,2,2,7,Advanced,Submitted,Advanced (7-8),700492,Spring,Argumentative,2026-03-09,Beecher Hills Elementary,Atlanta Public Schools,2025-2026
300165,"Rakestraw, Iko",5,D,Michael Scott,Oct-4 Fall Baseline - My Favorite Place,General,1,0,1,2,Beginning,Submitted,Beginning (0-2),700493,Fall,Narrative,2025-10-04,Beecher Hills Elementary,Atlanta Public Schools,2025-2026
300165,"Rakestraw, Iko",5,D,Michael Scott,Jan-12 Winter Benchmark - Community Heroes,General,0,2,1,3,Developing,Submitted,Developing (3-4),700494,Winter,Informational,2026-01-12,Beecher Hills Elementary,Atlanta Public Schools,2025-2026
300165,"Rakestraw, Iko",5,D,Michael Scott,Mar-9 GA Extended Writing Task - Athletic Ability,General,1,2,2,5,Proficient,Submitted,Proficient (5-6),700495,Spring,Argumentative,2026-03-09,Beecher Hills Elementary,Atlanta Public Schools,2025-2026
300166,"Lee, Ari",4,B,Bretiya Wallace,Oct-4 Fall Baseline - My Favorite Place,IEP,3,2,1,6,Proficient,Submitted,Proficient (5-6),700496,Fall,Narrative,2025-10-04,Beecher Hills Elementary,Atlanta Public Schools,2025-2026
300166,"Lee, Ari",4,B,Bretiya Wallace,Jan-12 Winter Benchmark - Community Heroes,IEP,2,1,1,4,Developing,Submitted,Developing (3-4),700497,Winter,Informational,2026-01-12,Beecher Hills Elementary,Atlanta Public Schools,2025-2026
300166,"Lee, Ari",4,B,Bretiya Wallace,Mar-9 GA Extended Writing Task - Athletic Ability,IEP,3,3,2,8,Advanced,Submitted,Advanced (7-8),700498,Spring,Argumentative,2026-03-09,Beecher Hills Elementary,Atlanta Public Schools,2025-2026
300167,"Scott, Cruz",4,C,Emily Carter,Oct-4 Fall Baseline - My Favorite Place,Gifted,1,1,1,3,Developing,Submitted,Developing (3-4),700499,Fall,Narrative,2025-10-04,Beecher Hills Elementary,Atlanta Public Schools,2025-2026
300167,"Scott, Cruz",4,C,Emily Carter,Jan-12 Winter Benchmark - Community Heroes,Gifted,2,2,2,6,Proficient,Submitted,Proficient (5-6),700500,Winter,Informational,2026-01-12,Beecher Hills Elementary,Atlanta Public Schools,2025-2026
300167,"Scott, Cruz",4,C,Emily Carter,Mar-9 GA Extended Writing Task - Athletic Ability,Gifted,2,2,1,5,Proficient,Submitted,Proficient (5-6),700501,Spring,Argumentative,2026-03-09,Beecher Hills Elementary,Atlanta Public Schools,2025-2026
300168,"Mitchell, Gabriel",5,B,Lisa Martinez,Oct-4 Fall Baseline - My Favorite Place,504 Plan,0,3,1,4,Developing,Submitted,Developing (3-4),700502,Fall,Narrative,2025-10-04,Beecher Hills Elementary,Atlanta Public Schools,2025-2026
300168,"Mitchell, Gabriel",5,B,Lisa Martinez,Jan-12 Winter Benchmark - Community Heroes,504 Plan,3,1,2,6,Proficient,Submitted,Proficient (5-6),700503,Winter,Informational,2026-01-12,Beecher Hills Elementary,Atlanta Public Schools,2025-2026
300168,"Mitchell, Gabriel",5,B,Lisa Martinez,Mar-9 GA Extended Writing Task - Athletic Ability,504 Plan,3,2,2,7,Advanced,Submitted,Advanced (7-8),700504,Spring,Argumentative,2026-03-09,Beecher Hills Elementary,Atlanta Public Schools,2025-2026
300169,"Martinez, Brielyn",5,D,Michael Scott,Oct-4 Fall Baseline - My Favorite Place,General,,,,,Not Scored,Pending Review,Not Scored,700505,Fall,Narrative,2025-10-04,Beecher Hills Elementary,Atlanta Public Schools,2025-2026
300169,"Martinez, Brielyn",5,D,Michael Scott,Jan-12 Winter Benchmark - Community Heroes,General,2,1,2,5,Proficient,Submitted,Proficient (5-6),700506,Winter,Informational,2026-01-12,Beecher Hills Elementary,Atlanta Public Schools,2025-2026
300169,"Martinez, Brielyn",5,D,Michael Scott,Mar-9 GA Extended Writing Task - Athletic Ability,General,3,2,2,7,Advanced,Submitted,Advanced (7-8),700507,Spring,Argumentative,2026-03-09,Beecher Hills Elementary,Atlanta Public Schools,2025-2026
300170,"Flores, Brielyn",5,A,David Brown,Oct-4 Fall Baseline - My Favorite Place,IEP,1,1,0,2,Beginning,Submitted,Beginning (0-2),700508,Fall,Narrative,2025-10-04,Beecher Hills Elementary,Atlanta Public Schools,2025-2026
300170,"Flores, Brielyn",5,A,David Brown,Jan-12 Winter Benchmark - Community Heroes,IEP,1,1,1,3,Developing,Submitted,Developing (3-4),700509,Winter,Informational,2026-01-12,Beecher Hills Elementary,Atlanta Public Schools,2025-2026
300170,"Flores, Brielyn",5,A,David Brown,Mar-9 GA Extended Writing Task - Athletic Ability,IEP,2,1,1,4,Developing,Submitted,Developing (3-4),700510,Spring,Argumentative,2026-03-09,Beecher Hills Elementary,Atlanta Public Schools,2025-2026
300171,"Gibson, Jaleah",4,C,Emily Carter,Oct-4 Fall Baseline - My Favorite Place,General,1,0,0,1,Beginning,Submitted,Beginning (0-2),700511,Fall,Narrative,2025-10-04,Beecher Hills Elementary,Atlanta Public Schools,2025-2026
300171,"Gibson, Jaleah",4,C,Emily Carter,Jan-12 Winter Benchmark - Community Heroes,General,2,2,0,4,Developing,Submitted,Developing (3-4),700512,Winter,Informational,2026-01-12,Beecher Hills Elementary,Atlanta Public Schools,2025-2026
300171,"Gibson, Jaleah",4,C,Emily Carter,Mar-9 GA Extended Writing Task - Athletic Ability,General,3,2,1,6,Proficient,Submitted,Proficient (5-6),700513,Spring,Argumentative,2026-03-09,Beecher Hills Elementary,Atlanta Public Schools,2025-2026
300172,"Nakamura, Nora",4,A,Jasmine Ramey,Oct-4 Fall Baseline - My Favorite Place,English Learner,1,1,0,2,Beginning,Submitted,Beginning (0-2),700514,Fall,Narrative,2025-10-04,Beecher Hills Elementary,Atlanta Public Schools,2025-2026
300172,"Nakamura, Nora",4,A,Jasmine Ramey,Jan-12 Winter Benchmark - Community Heroes,English Learner,2,1,1,4,Developing,Submitted,Developing (3-4),700515,Winter,Informational,2026-01-12,Beecher Hills Elementary,Atlanta Public Schools,2025-2026
300172,"Nakamura, Nora",4,A,Jasmine Ramey,Mar-9 GA Extended Writing Task - Athletic Ability,English Learner,3,1,1,5,Proficient,Submitted,Proficient (5-6),700516,Spring,Argumentative,2026-03-09,Beecher Hills Elementary,Atlanta Public Schools,2025-2026
300173,"Small, Aaron",4,C,Emily Carter,Oct-4 Fall Baseline - My Favorite Place,General,0,0,0,0,Beginning,Submitted,Beginning (0-2),700517,Fall,Narrative,2025-10-04,Beecher Hills Elementary,Atlanta Public Schools,2025-2026
300173,"Small, Aaron",4,C,Emily Carter,Jan-12 Winter Benchmark - Community Heroes,General,1,1,0,2,Beginning,Submitted,Beginning (0-2),700518,Winter,Informational,2026-01-12,Beecher Hills Elementary,Atlanta Public Schools,2025-2026
300173,"Small, Aaron",4,C,Emily Carter,Mar-9 GA Extended Writing Task - Athletic Ability,General,1,1,1,3,Developing,Submitted,Developing (3-4),700519,Spring,Argumentative,2026-03-09,Beecher Hills Elementary,Atlanta Public Schools,2025-2026
300174,"Martinez, Ava",4,C,Emily Carter,Oct-4 Fall Baseline - My Favorite Place,General,0,0,0,0,Beginning,Submitted,Beginning (0-2),700520,Fall,Narrative,2025-10-04,Beecher Hills Elementary,Atlanta Public Schools,2025-2026
300174,"Martinez, Ava",4,C,Emily Carter,Jan-12 Winter Benchmark - Community Heroes,General,1,2,1,4,Developing,Submitted,Developing (3-4),700521,Winter,Informational,2026-01-12,Beecher Hills Elementary,Atlanta Public Schools,2025-2026
300174,"Martinez, Ava",4,C,Emily Carter,Mar-9 GA Extended Writing Task - Athletic Ability,General,2,2,1,5,Proficient,Submitted,Proficient (5-6),700522,Spring,Argumentative,2026-03-09,Beecher Hills Elementary,Atlanta Public Schools,2025-2026
300175,"Villafana, Isaiah",3,B,Priya Shah,Oct-4 Fall Baseline - My Favorite Place,General,3,1,1,5,Proficient,Submitted,Proficient (5-6),700523,Fall,Narrative,2025-10-04,Beecher Hills Elementary,Atlanta Public Schools,2025-2026
300175,"Villafana, Isaiah",3,B,Priya Shah,Jan-12 Winter Benchmark - Community Heroes,General,3,2,1,6,Proficient,Submitted,Proficient (5-6),700524,Winter,Informational,2026-01-12,Beecher Hills Elementary,Atlanta Public Schools,2025-2026
300175,"Villafana, Isaiah",3,B,Priya Shah,Mar-9 GA Extended Writing Task - Athletic Ability,General,2,3,1,6,Proficient,Submitted,Proficient (5-6),700525,Spring,Argumentative,2026-03-09,Beecher Hills Elementary,Atlanta Public Schools,2025-2026
300176,"Brooks, Ari",3,A,Dana Whitfield,Oct-4 Fall Baseline - My Favorite Place,General,0,0,0,0,Beginning,Submitted,Beginning (0-2),700526,Fall,Narrative,2025-10-04,Beecher Hills Elementary,Atlanta Public Schools,2025-2026
300176,"Brooks, Ari",3,A,Dana Whitfield,Jan-12 Winter Benchmark - Community Heroes,General,1,1,0,2,Beginning,Submitted,Beginning (0-2),700527,Winter,Informational,2026-01-12,Beecher Hills Elementary,Atlanta Public Schools,2025-2026
300176,"Brooks, Ari",3,A,Dana Whitfield,Mar-9 GA Extended Writing Task - Athletic Ability,General,1,2,1,4,Developing,Submitted,Developing (3-4),700528,Spring,Argumentative,2026-03-09,Beecher Hills Elementary,Atlanta Public Schools,2025-2026
300177,"Rakestraw, Jordan",3,B,Priya Shah,Oct-4 Fall Baseline - My Favorite Place,General,1,1,2,4,Developing,Submitted,Developing (3-4),700529,Fall,Narrative,2025-10-04,Beecher Hills Elementary,Atlanta Public Schools,2025-2026
300177,"Rakestraw, Jordan",3,B,Priya Shah,Jan-12 Winter Benchmark - Community Heroes,General,,,,,Not Scored,Pending Review,Not Scored,700530,Winter,Informational,2026-01-12,Beecher Hills Elementary,Atlanta Public Schools,2025-2026
300177,"Rakestraw, Jordan",3,B,Priya Shah,Mar-9 GA Extended Writing Task - Athletic Ability,General,3,2,2,7,Advanced,Submitted,Advanced (7-8),700531,Spring,Argumentative,2026-03-09,Beecher Hills Elementary,Atlanta Public Schools,2025-2026
300178,"Barron, Dana",5,A,David Brown,Oct-4 Fall Baseline - My Favorite Place,English Learner,0,1,0,1,Beginning,Submitted,Beginning (0-2),700532,Fall,Narrative,2025-10-04,Beecher Hills Elementary,Atlanta Public Schools,2025-2026
300178,"Barron, Dana",5,A,David Brown,Jan-12 Winter Benchmark - Community Heroes,English Learner,1,2,1,4,Developing,Submitted,Developing (3-4),700533,Winter,Informational,2026-01-12,Beecher Hills Elementary,Atlanta Public Schools,2025-2026
300178,"Barron, Dana",5,A,David Brown,Mar-9 GA Extended Writing Task - Athletic Ability,English Learner,2,3,1,6,Proficient,Submitted,Proficient (5-6),700534,Spring,Argumentative,2026-03-09,Beecher Hills Elementary,Atlanta Public Schools,2025-2026
300179,"Boateng, Ella",5,A,David Brown,Oct-4 Fall Baseline - My Favorite Place,General,0,0,0,0,Beginning,Submitted,Beginning (0-2),700535,Fall,Narrative,2025-10-04,Beecher Hills Elementary,Atlanta Public Schools,2025-2026
300179,"Boateng, Ella",5,A,David Brown,Jan-12 Winter Benchmark - Community Heroes,General,1,2,0,3,Developing,Submitted,Developing (3-4),700536,Winter,Informational,2026-01-12,Beecher Hills Elementary,Atlanta Public Schools,2025-2026
300179,"Boateng, Ella",5,A,David Brown,Mar-9 GA Extended Writing Task - Athletic Ability,General,2,2,1,5,Proficient,Submitted,Proficient (5-6),700537,Spring,Argumentative,2026-03-09,Beecher Hills Elementary,Atlanta Public Schools,2025-2026
300180,"Garcia, Sydney",5,C,Jennifer Thomas,Oct-4 Fall Baseline - My Favorite Place,General,1,2,1,4,Developing,Submitted,Developing (3-4),700538,Fall,Narrative,2025-10-04,Beecher Hills Elementary,Atlanta Public Schools,2025-2026
300180,"Garcia, Sydney",5,C,Jennifer Thomas,Jan-12 Winter Benchmark - Community Heroes,General,3,3,1,7,Advanced,Submitted,Advanced (7-8),700539,Winter,Informational,2026-01-12,Beecher Hills Elementary,Atlanta Public Schools,2025-2026
300180,"Garcia, Sydney",5,C,Jennifer Thomas,Mar-9 GA Extended Writing Task - Athletic Ability,General,3,3,2,8,Advanced,Submitted,Advanced (7-8),700540,Spring,Argumentative,2026-03-09,Beecher Hills Elementary,Atlanta Public Schools,2025-2026
300181,"Bishop, Triston",4,C,Emily Carter,Oct-4 Fall Baseline - My Favorite Place,General,1,1,0,2,Beginning,Submitted,Beginning (0-2),700541,Fall,Narrative,2025-10-04,Beecher Hills Elementary,Atlanta Public Schools,2025-2026
300181,"Bishop, Triston",4,C,Emily Carter,Jan-12 Winter Benchmark - Community Heroes,General,2,2,0,4,Developing,Submitted,Developing (3-4),700542,Winter,Informational,2026-01-12,Beecher Hills Elementary,Atlanta Public Schools,2025-2026
300181,"Bishop, Triston",4,C,Emily Carter,Mar-9 GA Extended Writing Task - Athletic Ability,General,2,2,1,5,Proficient,Submitted,Proficient (5-6),700543,Spring,Argumentative,2026-03-09,Beecher Hills Elementary,Atlanta Public Schools,2025-2026
300182,"Little, Maya",5,B,Lisa Martinez,Oct-4 Fall Baseline - My Favorite Place,General,1,1,1,3,Developing,Submitted,Developing (3-4),700544,Fall,Narrative,2025-10-04,Beecher Hills Elementary,Atlanta Public Schools,2025-2026
300182,"Little, Maya",5,B,Lisa Martinez,Jan-12 Winter Benchmark - Community Heroes,General,3,1,2,6,Proficient,Submitted,Proficient (5-6),700545,Winter,Informational,2026-01-12,Beecher Hills Elementary,Atlanta Public Schools,2025-2026
300182,"Little, Maya",5,B,Lisa Martinez,Mar-9 GA Extended Writing Task - Athletic Ability,General,2,2,2,6,Proficient,Submitted,Proficient (5-6),700546,Spring,Argumentative,2026-03-09,Beecher Hills Elementary,Atlanta Public Schools,2025-2026
300183,"Coleman, Fatima",4,C,Emily Carter,Oct-4 Fall Baseline - My Favorite Place,English Learner,1,0,1,2,Beginning,Submitted,Beginning (0-2),700547,Fall,Narrative,2025-10-04,Beecher Hills Elementary,Atlanta Public Schools,2025-2026
300183,"Coleman, Fatima",4,C,Emily Carter,Jan-12 Winter Benchmark - Community Heroes,English Learner,1,2,1,4,Developing,Submitted,Developing (3-4),700548,Winter,Informational,2026-01-12,Beecher Hills Elementary,Atlanta Public Schools,2025-2026
300183,"Coleman, Fatima",4,C,Emily Carter,Mar-9 GA Extended Writing Task - Athletic Ability,English Learner,1,1,1,3,Developing,Submitted,Developing (3-4),700549,Spring,Argumentative,2026-03-09,Beecher Hills Elementary,Atlanta Public Schools,2025-2026
300184,"Portalatin, Gabriel",5,C,Jennifer Thomas,Oct-4 Fall Baseline - My Favorite Place,General,1,1,0,2,Beginning,Submitted,Beginning (0-2),700550,Fall,Narrative,2025-10-04,Beecher Hills Elementary,Atlanta Public Schools,2025-2026
300184,"Portalatin, Gabriel",5,C,Jennifer Thomas,Jan-12 Winter Benchmark - Community Heroes,General,2,1,1,4,Developing,Submitted,Developing (3-4),700551,Winter,Informational,2026-01-12,Beecher Hills Elementary,Atlanta Public Schools,2025-2026
300184,"Portalatin, Gabriel",5,C,Jennifer Thomas,Mar-9 GA Extended Writing Task - Athletic Ability,General,2,2,1,5,Proficient,Submitted,Proficient (5-6),700552,Spring,Argumentative,2026-03-09,Beecher Hills Elementary,Atlanta Public Schools,2025-2026
300185,"Johnson, Dakari",5,D,Michael Scott,Oct-4 Fall Baseline - My Favorite Place,English Learner,1,1,0,2,Beginning,Submitted,Beginning (0-2),700553,Fall,Narrative,2025-10-04,Beecher Hills Elementary,Atlanta Public Schools,2025-2026
300185,"Johnson, Dakari",5,D,Michael Scott,Jan-12 Winter Benchmark - Community Heroes,English Learner,2,2,2,6,Proficient,Submitted,Proficient (5-6),700554,Winter,Informational,2026-01-12,Beecher Hills Elementary,Atlanta Public Schools,2025-2026
300185,"Johnson, Dakari",5,D,Michael Scott,Mar-9 GA Extended Writing Task - Athletic Ability,English Learner,3,2,1,6,Proficient,Submitted,Proficient (5-6),700555,Spring,Argumentative,2026-03-09,Beecher Hills Elementary,Atlanta Public Schools,2025-2026
300186,"Daniels, Amari",5,A,David Brown,Oct-4 Fall Baseline - My Favorite Place,Intervention,0,0,0,0,Beginning,Submitted,Beginning (0-2),700556,Fall,Narrative,2025-10-04,Beecher Hills Elementary,Atlanta Public Schools,2025-2026
300186,"Daniels, Amari",5,A,David Brown,Jan-12 Winter Benchmark - Community Heroes,Intervention,1,2,1,4,Developing,Submitted,Developing (3-4),700557,Winter,Informational,2026-01-12,Beecher Hills Elementary,Atlanta Public Schools,2025-2026
300186,"Daniels, Amari",5,A,David Brown,Mar-9 GA Extended Writing Task - Athletic Ability,Intervention,2,0,0,2,Beginning,Submitted,Beginning (0-2),700558,Spring,Argumentative,2026-03-09,Beecher Hills Elementary,Atlanta Public Schools,2025-2026
300187,"Brown, Maya",5,C,Jennifer Thomas,Oct-4 Fall Baseline - My Favorite Place,Gifted,1,1,0,2,Beginning,Submitted,Beginning (0-2),700559,Fall,Narrative,2025-10-04,Beecher Hills Elementary,Atlanta Public Schools,2025-2026
300187,"Brown, Maya",5,C,Jennifer Thomas,Jan-12 Winter Benchmark - Community Heroes,Gifted,1,1,0,2,Beginning,Submitted,Beginning (0-2),700560,Winter,Informational,2026-01-12,Beecher Hills Elementary,Atlanta Public Schools,2025-2026
300187,"Brown, Maya",5,C,Jennifer Thomas,Mar-9 GA Extended Writing Task - Athletic Ability,Gifted,1,3,1,5,Proficient,Submitted,Proficient (5-6),700561,Spring,Argumentative,2026-03-09,Beecher Hills Elementary,Atlanta Public Schools,2025-2026
300188,"Ellison, Olivia",3,B,Priya Shah,Oct-4 Fall Baseline - My Favorite Place,General,1,2,2,5,Proficient,Submitted,Proficient (5-6),700562,Fall,Narrative,2025-10-04,Beecher Hills Elementary,Atlanta Public Schools,2025-2026
300188,"Ellison, Olivia",3,B,Priya Shah,Jan-12 Winter Benchmark - Community Heroes,General,3,2,2,7,Advanced,Submitted,Advanced (7-8),700563,Winter,Informational,2026-01-12,Beecher Hills Elementary,Atlanta Public Schools,2025-2026
300188,"Ellison, Olivia",3,B,Priya Shah,Mar-9 GA Extended Writing Task - Athletic Ability,General,3,3,2,8,Advanced,Submitted,Advanced (7-8),700564,Spring,Argumentative,2026-03-09,Beecher Hills Elementary,Atlanta Public Schools,2025-2026
300189,"Green, Nora",5,A,David Brown,Oct-4 Fall Baseline - My Favorite Place,English Learner,1,2,1,4,Developing,Submitted,Developing (3-4),700565,Fall,Narrative,2025-10-04,Beecher Hills Elementary,Atlanta Public Schools,2025-2026
300189,"Green, Nora",5,A,David Brown,Jan-12 Winter Benchmark - Community Heroes,English Learner,,,,,Not Scored,Pending Review,Not Scored,700566,Winter,Informational,2026-01-12,Beecher Hills Elementary,Atlanta Public Schools,2025-2026
300189,"Green, Nora",5,A,David Brown,Mar-9 GA Extended Writing Task - Athletic Ability,English Learner,3,2,1,6,Proficient,Submitted,Proficient (5-6),700567,Spring,Argumentative,2026-03-09,Beecher Hills Elementary,Atlanta Public Schools,2025-2026
300190,"Ellison, Triston",5,D,Michael Scott,Oct-4 Fall Baseline - My Favorite Place,General,1,2,1,4,Developing,Submitted,Developing (3-4),700568,Fall,Narrative,2025-10-04,Beecher Hills Elementary,Atlanta Public Schools,2025-2026
300190,"Ellison, Triston",5,D,Michael Scott,Jan-12 Winter Benchmark - Community Heroes,General,2,3,1,6,Proficient,Submitted,Proficient (5-6),700569,Winter,Informational,2026-01-12,Beecher Hills Elementary,Atlanta Public Schools,2025-2026
300190,"Ellison, Triston",5,D,Michael Scott,Mar-9 GA Extended Writing Task - Athletic Ability,General,3,2,2,7,Advanced,Submitted,Advanced (7-8),700570,Spring,Argumentative,2026-03-09,Beecher Hills Elementary,Atlanta Public Schools,2025-2026
300191,"Stewart, Sydney",5,B,Lisa Martinez,Oct-4 Fall Baseline - My Favorite Place,Intervention,1,1,0,2,Beginning,Submitted,Beginning (0-2),700571,Fall,Narrative,2025-10-04,Beecher Hills Elementary,Atlanta Public Schools,2025-2026
300191,"Stewart, Sydney",5,B,Lisa Martinez,Jan-12 Winter Benchmark - Community Heroes,Intervention,2,2,0,4,Developing,Submitted,Developing (3-4),700572,Winter,Informational,2026-01-12,Beecher Hills Elementary,Atlanta Public Schools,2025-2026
300191,"Stewart, Sydney",5,B,Lisa Martinez,Mar-9 GA Extended Writing Task - Athletic Ability,Intervention,2,2,1,5,Proficient,Submitted,Proficient (5-6),700573,Spring,Argumentative,2026-03-09,Beecher Hills Elementary,Atlanta Public Schools,2025-2026
300192,"Flores, Daniel",5,D,Michael Scott,Oct-4 Fall Baseline - My Favorite Place,General,0,1,0,1,Beginning,Submitted,Beginning (0-2),700574,Fall,Narrative,2025-10-04,Beecher Hills Elementary,Atlanta Public Schools,2025-2026
300192,"Flores, Daniel",5,D,Michael Scott,Jan-12 Winter Benchmark - Community Heroes,General,,,,,Not Scored,Absent,Not Scored,700575,Winter,Informational,2026-01-12,Beecher Hills Elementary,Atlanta Public Schools,2025-2026
300192,"Flores, Daniel",5,D,Michael Scott,Mar-9 GA Extended Writing Task - Athletic Ability,General,0,2,2,4,Developing,Submitted,Developing (3-4),700576,Spring,Argumentative,2026-03-09,Beecher Hills Elementary,Atlanta Public Schools,2025-2026
300193,"Carter, Jordan",3,A,Dana Whitfield,Oct-4 Fall Baseline - My Favorite Place,General,1,0,0,1,Beginning,Submitted,Beginning (0-2),700577,Fall,Narrative,2025-10-04,Beecher Hills Elementary,Atlanta Public Schools,2025-2026
300193,"Carter, Jordan",3,A,Dana Whitfield,Jan-12 Winter Benchmark - Community Heroes,General,2,2,1,5,Proficient,Submitted,Proficient (5-6),700578,Winter,Informational,2026-01-12,Beecher Hills Elementary,Atlanta Public Schools,2025-2026
300193,"Carter, Jordan",3,A,Dana Whitfield,Mar-9 GA Extended Writing Task - Athletic Ability,General,2,1,2,5,Proficient,Submitted,Proficient (5-6),700579,Spring,Argumentative,2026-03-09,Beecher Hills Elementary,Atlanta Public Schools,2025-2026
300194,"Burton, Evan",3,A,Dana Whitfield,Oct-4 Fall Baseline - My Favorite Place,General,1,1,1,3,Developing,Submitted,Developing (3-4),700580,Fall,Narrative,2025-10-04,Beecher Hills Elementary,Atlanta Public Schools,2025-2026
300194,"Burton, Evan",3,A,Dana Whitfield,Jan-12 Winter Benchmark - Community Heroes,General,2,2,1,5,Proficient,Submitted,Proficient (5-6),700581,Winter,Informational,2026-01-12,Beecher Hills Elementary,Atlanta Public Schools,2025-2026
300194,"Burton, Evan",3,A,Dana Whitfield,Mar-9 GA Extended Writing Task - Athletic Ability,General,2,1,1,4,Developing,Submitted,Developing (3-4),700582,Spring,Argumentative,2026-03-09,Beecher Hills Elementary,Atlanta Public Schools,2025-2026
300195,"Tolbert, Dana",5,C,Jennifer Thomas,Oct-4 Fall Baseline - My Favorite Place,General,2,1,0,3,Developing,Submitted,Developing (3-4),700583,Fall,Narrative,2025-10-04,Beecher Hills Elementary,Atlanta Public Schools,2025-2026
300195,"Tolbert, Dana",5,C,Jennifer Thomas,Jan-12 Winter Benchmark - Community Heroes,General,3,2,1,6,Proficient,Submitted,Proficient (5-6),700584,Winter,Informational,2026-01-12,Beecher Hills Elementary,Atlanta Public Schools,2025-2026
300195,"Tolbert, Dana",5,C,Jennifer Thomas,Mar-9 GA Extended Writing Task - Athletic Ability,General,3,1,1,5,Proficient,Submitted,Proficient (5-6),700585,Spring,Argumentative,2026-03-09,Beecher Hills Elementary,Atlanta Public Schools,2025-2026
300196,"Jefferson, Adrian",3,C,Marcus Lee,Oct-4 Fall Baseline - My Favorite Place,General,,,,,Not Scored,Absent,Not Scored,700586,Fall,Narrative,2025-10-04,Beecher Hills Elementary,Atlanta Public Schools,2025-2026
300196,"Jefferson, Adrian",3,C,Marcus Lee,Jan-12 Winter Benchmark - Community Heroes,General,1,3,0,4,Developing,Submitted,Developing (3-4),700587,Winter,Informational,2026-01-12,Beecher Hills Elementary,Atlanta Public Schools,2025-2026
300196,"Jefferson, Adrian",3,C,Marcus Lee,Mar-9 GA Extended Writing Task - Athletic Ability,General,2,2,1,5,Proficient,Submitted,Proficient (5-6),700588,Spring,Argumentative,2026-03-09,Beecher Hills Elementary,Atlanta Public Schools,2025-2026
300197,"Nakamura, Jaden",4,C,Emily Carter,Oct-4 Fall Baseline - My Favorite Place,General,1,2,1,4,Developing,Submitted,Developing (3-4),700589,Fall,Narrative,2025-10-04,Beecher Hills Elementary,Atlanta Public Schools,2025-2026
300197,"Nakamura, Jaden",4,C,Emily Carter,Jan-12 Winter Benchmark - Community Heroes,General,3,1,1,5,Proficient,Submitted,Proficient (5-6),700590,Winter,Informational,2026-01-12,Beecher Hills Elementary,Atlanta Public Schools,2025-2026
300197,"Nakamura, Jaden",4,C,Emily Carter,Mar-9 GA Extended Writing Task - Athletic Ability,General,1,2,2,5,Proficient,Submitted,Proficient (5-6),700591,Spring,Argumentative,2026-03-09,Beecher Hills Elementary,Atlanta Public Schools,2025-2026
300198,"Nakamura, Aiyla",4,C,Emily Carter,Oct-4 Fall Baseline - My Favorite Place,IEP,0,0,0,0,Beginning,Submitted,Beginning (0-2),700592,Fall,Narrative,2025-10-04,Beecher Hills Elementary,Atlanta Public Schools,2025-2026
300198,"Nakamura, Aiyla",4,C,Emily Carter,Jan-12 Winter Benchmark - Community Heroes,IEP,0,1,0,1,Beginning,Submitted,Beginning (0-2),700593,Winter,Informational,2026-01-12,Beecher Hills Elementary,Atlanta Public Schools,2025-2026
300198,"Nakamura, Aiyla",4,C,Emily Carter,Mar-9 GA Extended Writing Task - Athletic Ability,IEP,1,2,0,3,Developing,Submitted,Developing (3-4),700594,Spring,Argumentative,2026-03-09,Beecher Hills Elementary,Atlanta Public Schools,2025-2026
300199,"Reed, Jonah",3,C,Marcus Lee,Oct-4 Fall Baseline - My Favorite Place,General,1,3,2,6,Proficient,Submitted,Proficient (5-6),700595,Fall,Narrative,2025-10-04,Beecher Hills Elementary,Atlanta Public Schools,2025-2026
300199,"Reed, Jonah",3,C,Marcus Lee,Jan-12 Winter Benchmark - Community Heroes,General,2,3,1,6,Proficient,Submitted,Proficient (5-6),700596,Winter,Informational,2026-01-12,Beecher Hills Elementary,Atlanta Public Schools,2025-2026
300199,"Reed, Jonah",3,C,Marcus Lee,Mar-9 GA Extended Writing Task - Athletic Ability,General,3,3,2,8,Advanced,Submitted,Advanced (7-8),700597,Spring,Argumentative,2026-03-09,Beecher Hills Elementary,Atlanta Public Schools,2025-2026
300200,"Hayes, Ken",3,A,Dana Whitfield,Oct-4 Fall Baseline - My Favorite Place,IEP,0,0,0,0,Beginning,Submitted,Beginning (0-2),700598,Fall,Narrative,2025-10-04,Beecher Hills Elementary,Atlanta Public Schools,2025-2026
300200,"Hayes, Ken",3,A,Dana Whitfield,Jan-12 Winter Benchmark - Community Heroes,IEP,1,1,1,3,Developing,Submitted,Developing (3-4),700599,Winter,Informational,2026-01-12,Beecher Hills Elementary,Atlanta Public Schools,2025-2026
300200,"Hayes, Ken",3,A,Dana Whitfield,Mar-9 GA Extended Writing Task - Athletic Ability,IEP,1,3,1,5,Proficient,Submitted,Proficient (5-6),700600,Spring,Argumentative,2026-03-09,Beecher Hills Elementary,Atlanta Public Schools,2025-2026
